source_name,organization,category,lane,trust_tier,canonical_url,feed_url,api_url,social_url,implemented_ingestor,validated_live,active_status,duplicate_flag,unsuitable_flag,reason
Discovered http://police.albany.edu/,police.albany.edu,campus,trends_context,tier_3,http://police.albany.edu/,,,,no,yes,true,no,no,validated_not_implemented
Discovered https://police.albany.edu/ArrestCrimeandDemographicsReview2017-2019.pdf,police.albany.edu,campus,trends_context,tier_3,https://police.albany.edu/ArrestCrimeandDemographicsReview2017-2019.pdf,,,,no,yes,true,no,no,validated_not_implemented
Discovered https://police.albany.edu/Clery.shtml,police.albany.edu,campus,trends_context,tier_3,https://police.albany.edu/Clery.shtml,,,,no,yes,true,no,no,validated_not_implemented
Discovered https://police.albany.edu/Crimes.shtml,police.albany.edu,campus,trends_context,tier_3,https://police.albany.edu/Crimes.shtml,,,,no,yes,true,no,no,validated_not_implemented
"Discovered https://police.albany.edu/IETS/DXR.axd?r=0_741,1_32,1_18,0_743,0_914,0_916-rLBeb",police.albany.edu,campus,trends_context,tier_3,"https://police.albany.edu/IETS/DXR.axd?r=0_741,1_32,1_18,0_743,0_914,0_916-rLBeb",,,,no,yes,true,no,no,validated_not_implemented
Discovered https://police.albany.edu/Request_report.shtml,police.albany.edu,campus,trends_context,tier_3,https://police.albany.edu/Request_report.shtml,,,,no,yes,true,no,no,validated_not_implemented
Discovered https://police.albany.edu/Safety.shtml,police.albany.edu,campus,trends_context,tier_3,https://police.albany.edu/Safety.shtml,,,,no,yes,true,no,no,validated_not_implemented
Discovered https://police.albany.edu/crime_report.shtml,police.albany.edu,campus,trends_context,tier_3,https://police.albany.edu/crime_report.shtml,,,,no,yes,true,no,no,validated_not_implemented
Discovered https://police.albany.edu/department_training.shtml,police.albany.edu,campus,trends_context,tier_3,https://police.albany.edu/department_training.shtml,,,,no,yes,true,no,no,validated_not_implemented
Discovered https://www.albany.edu/police/about-us,www.albany.edu,campus,trends_context,tier_3,https://www.albany.edu/police/about-us,,,,no,yes,true,no,no,validated_not_implemented
Discovered https://www.albany.edu/police/careers,www.albany.edu,campus,trends_context,tier_3,https://www.albany.edu/police/careers,,,,no,yes,true,no,no,validated_not_implemented
Discovered https://www.albany.edu/police/community-policing,www.albany.edu,campus,trends_context,tier_3,https://www.albany.edu/police/community-policing,,,,no,yes,true,no,no,validated_not_implemented
Discovered https://www.albany.edu/police/make-report,www.albany.edu,campus,trends_context,tier_3,https://www.albany.edu/police/make-report,,,,no,yes,true,no,no,validated_not_implemented
Discovered https://www.albany.edu/police/news/2024-clery-notification-timely-warning,www.albany.edu,campus,trends_context,tier_3,https://www.albany.edu/police/news/2024-clery-notification-timely-warning,,,,no,yes,true,no,no,validated_not_implemented
Discovered https://www.albany.edu/police/news/2024-upd-releases-body-cam-footage-august-27-incident,www.albany.edu,campus,trends_context,tier_3,https://www.albany.edu/police/news/2024-upd-releases-body-cam-footage-august-27-incident,,,,no,yes,true,no,no,validated_not_implemented
Discovered https://www.albany.edu/police/news/2025-university-albanys-annual-security-and-fire-report-now-available,www.albany.edu,campus,trends_context,tier_3,https://www.albany.edu/police/news/2025-university-albanys-annual-security-and-fire-report-now-available,,,,no,yes,true,no,no,validated_not_implemented
Discovered https://www.albany.edu/police/news/2025-update-report-assault-campus-near-empire-commons,www.albany.edu,campus,trends_context,tier_3,https://www.albany.edu/police/news/2025-update-report-assault-campus-near-empire-commons,,,,no,yes,true,no,no,validated_not_implemented
Discovered https://www.albany.edu/police/rave-guardian-personal-safety-app,www.albany.edu,campus,trends_context,tier_3,https://www.albany.edu/police/rave-guardian-personal-safety-app,,,,no,yes,true,no,no,validated_not_implemented
Discovered https://www.albany.edu/police/safety-and-services,www.albany.edu,campus,trends_context,tier_3,https://www.albany.edu/police/safety-and-services,,,,no,yes,true,no,no,validated_not_implemented
Discovered https://www.albany.edu/police/statistics-and-records,www.albany.edu,campus,trends_context,tier_3,https://www.albany.edu/police/statistics-and-records,,,,no,yes,true,no,no,validated_not_implemented
Discovered https://www.albany.edu/police/upd-therapy-dog-roxy,www.albany.edu,campus,trends_context,tier_3,https://www.albany.edu/police/upd-therapy-dog-roxy,,,,no,yes,true,no,no,validated_not_implemented
Siena College — Department of Public Safety,Siena College — Department of Public Safety,campus,trends_context,tier_3,https://www.siena.edu/offices/public-safety/,,,,no,yes,true,no,no,validated_not_implemented
UAlbany Incident Log,UAlbany Incident Log,campus,trends_context,tier_3,https://police.albany.edu/IETS/UPD_All_Incidents.aspx,,,,no,yes,true,no,no,validated_not_implemented
University Heights Association — Department of Public Safety,University Heights Association — Department of Public Safety,campus,trends_context,tier_3,https://www.universityheights.org/,,,,no,yes,true,no,no,validated_not_implemented
Capital Region Crime Stoppers,Capital Region Crime Stoppers,community,developing_incidents,tier_3,http://www.capitalregioncrimestoppers.com,,,,no,yes,true,no,no,validated_not_implemented
Discovered http://feedly.com/apple-touch-icon.png,feedly.com,community,developing_incidents,tier_3,http://feedly.com/apple-touch-icon.png,http://feedly.com/apple-touch-icon.png,,,no,yes,true,no,no,validated_not_implemented
Discovered http://feedly.com/favicon-16.png,feedly.com,community,developing_incidents,tier_3,http://feedly.com/favicon-16.png,http://feedly.com/favicon-16.png,,,no,yes,true,no,no,validated_not_implemented
Discovered http://feedly.com/feedly-32.png,feedly.com,community,developing_incidents,tier_3,http://feedly.com/feedly-32.png,http://feedly.com/feedly-32.png,,,no,yes,true,no,no,validated_not_implemented
Discovered http://feedly.com/homepage,feedly.com,community,developing_incidents,tier_3,http://feedly.com/homepage,http://feedly.com/homepage,,,no,yes,true,no,no,validated_not_implemented
Discovered http://feedly.com/market-intelligence,feedly.com,community,developing_incidents,tier_3,http://feedly.com/market-intelligence,http://feedly.com/market-intelligence,,,no,yes,true,no,no,validated_not_implemented
Discovered http://feedly.com/market-intelligence/request-trial?gate=%2Fhomepage,feedly.com,community,developing_incidents,tier_3,http://feedly.com/market-intelligence/request-trial?gate=%2Fhomepage,http://feedly.com/market-intelligence/request-trial?gate=%2Fhomepage,,,no,yes,true,no,no,validated_not_implemented
Discovered http://feedly.com/news-reader,feedly.com,community,developing_incidents,tier_3,http://feedly.com/news-reader,http://feedly.com/news-reader,,,no,yes,true,no,no,validated_not_implemented
Discovered http://feedly.com/safari-pinned-tab.svg,feedly.com,community,developing_incidents,tier_3,http://feedly.com/safari-pinned-tab.svg,http://feedly.com/safari-pinned-tab.svg,,,no,yes,true,no,no,validated_not_implemented
Discovered http://feedly.com/signup?gate=%2Fhomepage&workEmail=false,feedly.com,community,developing_incidents,tier_3,http://feedly.com/signup?gate=%2Fhomepage&workEmail=false,http://feedly.com/signup?gate=%2Fhomepage&workEmail=false,,,no,yes,true,no,no,validated_not_implemented
Discovered http://feedly.com/threat-intelligence,feedly.com,community,developing_incidents,tier_3,http://feedly.com/threat-intelligence,http://feedly.com/threat-intelligence,,,no,yes,true,no,no,validated_not_implemented
Discovered http://www.albanyhousing.org/feed,www.albanyhousing.org,community,developing_incidents,tier_3,http://www.albanyhousing.org/feed,http://www.albanyhousing.org/feed,,,no,yes,true,no,no,validated_not_implemented
Discovered http://www.albanyhousing.org/wordpress/wp-content/plugins/nextgen-gallery/src/Legacy/xml/media-rss.php,www.albanyhousing.org,community,developing_incidents,tier_3,http://www.albanyhousing.org/wordpress/wp-content/plugins/nextgen-gallery/src/Legacy/xml/media-rss.php,,,,no,yes,true,no,no,validated_not_implemented
Discovered https://addons.mozilla.org/en-US/firefox/addon/feedly_mini/,addons.mozilla.org,community,developing_incidents,tier_3,https://addons.mozilla.org/en-US/firefox/addon/feedly_mini/,https://addons.mozilla.org/en-US/firefox/addon/feedly_mini/,,,no,yes,true,no,no,validated_not_implemented
Discovered https://ag.ny.gov/press-release/2026/attorney-general-james-announces-3-million-grants-supporting-filipino-cultural,ag.ny.gov,community,developing_incidents,tier_3,https://ag.ny.gov/press-release/2026/attorney-general-james-announces-3-million-grants-supporting-filipino-cultural,,,,no,yes,true,no,no,validated_not_implemented
Discovered https://ag.ny.gov/press-release/2026/attorney-general-james-announces-takedown-brooklyn-fentanyl-and-cocaine,ag.ny.gov,community,developing_incidents,tier_3,https://ag.ny.gov/press-release/2026/attorney-general-james-announces-takedown-brooklyn-fentanyl-and-cocaine,,,,no,yes,true,no,no,validated_not_implemented
Discovered https://ag.ny.gov/press-release/2026/attorney-general-james-bars-correctional-health-care-provider-new-york-following,ag.ny.gov,community,developing_incidents,tier_3,https://ag.ny.gov/press-release/2026/attorney-general-james-bars-correctional-health-care-provider-new-york-following,,,,no,yes,true,no,no,validated_not_implemented
Discovered https://ag.ny.gov/press-release/2026/attorney-general-james-calls-passage-legislation-protect-new-yorkers-predatory,ag.ny.gov,community,developing_incidents,tier_3,https://ag.ny.gov/press-release/2026/attorney-general-james-calls-passage-legislation-protect-new-yorkers-predatory,,,,no,yes,true,no,no,validated_not_implemented
Discovered https://ag.ny.gov/press-release/2026/attorney-general-james-health-care-helpline-recovers-over-15-million-new-yorkers,ag.ny.gov,community,developing_incidents,tier_3,https://ag.ny.gov/press-release/2026/attorney-general-james-health-care-helpline-recovers-over-15-million-new-yorkers,,,,no,yes,true,no,no,validated_not_implemented
Discovered https://ag.ny.gov/press-release/2026/attorney-general-james-stops-sale-gun-accessory-aided-buffalo-shooter,ag.ny.gov,community,developing_incidents,tier_3,https://ag.ny.gov/press-release/2026/attorney-general-james-stops-sale-gun-accessory-aided-buffalo-shooter,,,,no,yes,true,no,no,validated_not_implemented
Discovered https://ag.ny.gov/press-release/2026/attorney-general-james-takes-action-stop-horrific-conditions-newburgh-apartment,ag.ny.gov,community,developing_incidents,tier_3,https://ag.ny.gov/press-release/2026/attorney-general-james-takes-action-stop-horrific-conditions-newburgh-apartment,,,,no,yes,true,no,no,validated_not_implemented
Discovered https://ag.ny.gov/press-releases,ag.ny.gov,community,developing_incidents,tier_3,https://ag.ny.gov/press-releases,,,,no,yes,true,no,no,validated_not_implemented
Discovered https://chromewebstore.google.com/detail/feedly-mini/ndhinffkekpekljifjkkkkkhopnjodja,chromewebstore.google.com,community,developing_incidents,tier_3,https://chromewebstore.google.com/detail/feedly-mini/ndhinffkekpekljifjkkkkkhopnjodja,https://chromewebstore.google.com/detail/feedly-mini/ndhinffkekpekljifjkkkkkhopnjodja,,,no,yes,true,no,no,validated_not_implemented
Discovered https://discover.buysellads.com/tech/feedly,discover.buysellads.com,community,developing_incidents,tier_3,https://discover.buysellads.com/tech/feedly,https://discover.buysellads.com/tech/feedly,,,no,yes,true,no,no,validated_not_implemented
Discovered https://feedly.com/ai,feedly.com,community,developing_incidents,tier_3,https://feedly.com/ai,https://feedly.com/ai,,,no,yes,true,no,no,validated_not_implemented
Discovered https://feedly.com/changelog,feedly.com,community,developing_incidents,tier_3,https://feedly.com/changelog,https://feedly.com/changelog,,,no,yes,true,no,no,validated_not_implemented
Discovered https://feedly.com/customers,feedly.com,community,developing_incidents,tier_3,https://feedly.com/customers,https://feedly.com/customers,,,no,yes,true,no,no,validated_not_implemented
Discovered https://feedly.com/cve,feedly.com,community,developing_incidents,tier_3,https://feedly.com/cve,https://feedly.com/cve,,,no,yes,true,no,no,validated_not_implemented
Discovered https://feedly.com/i/back?gate=%2Fhomepage,feedly.com,community,developing_incidents,tier_3,https://feedly.com/i/back?gate=%2Fhomepage,https://feedly.com/i/back?gate=%2Fhomepage,,,no,yes,true,no,no,validated_not_implemented
Discovered https://feedly.com/i/newAccountSetup?accountType=Personal&gate=%2Fhomepage,feedly.com,community,developing_incidents,tier_3,https://feedly.com/i/newAccountSetup?accountType=Personal&gate=%2Fhomepage,https://feedly.com/i/newAccountSetup?accountType=Personal&gate=%2Fhomepage,,,no,yes,true,no,no,validated_not_implemented
Discovered https://feedly.com/i/top,feedly.com,community,developing_incidents,tier_3,https://feedly.com/i/top,https://feedly.com/i/top,,,no,yes,true,no,no,validated_not_implemented
Discovered https://feedly.com/legal,feedly.com,community,developing_incidents,tier_3,https://feedly.com/legal,https://feedly.com/legal,,,no,yes,true,no,no,validated_not_implemented
Discovered https://feedly.com/legal/privacy,feedly.com,community,developing_incidents,tier_3,https://feedly.com/legal/privacy,https://feedly.com/legal/privacy,,,no,yes,true,no,no,validated_not_implemented
Discovered https://feedly.com/resources,feedly.com,community,developing_incidents,tier_3,https://feedly.com/resources,https://feedly.com/resources,,,no,yes,true,no,no,validated_not_implemented
Discovered https://feedly.com/slack,feedly.com,community,developing_incidents,tier_3,https://feedly.com/slack,https://feedly.com/slack,,,no,yes,true,no,no,validated_not_implemented
Discovered https://feedly.com/ti-essentials,feedly.com,community,developing_incidents,tier_3,https://feedly.com/ti-essentials,https://feedly.com/ti-essentials,,,no,yes,true,no,no,validated_not_implemented
Discovered https://news.google.com/rss/articles/CBMiS0FVX3lxTFBMdkdiYjUwYW5PTTFTYjFHS25VTkdfRGo5S3dZUHJoTXhzQ2Q1aFJCOS1RdUFQR0NiZ01VdkFieUkwaF9CU0pLTU1XVQ?oc=5,news.google.com,community,developing_incidents,tier_3,https://news.google.com/rss/articles/CBMiS0FVX3lxTFBMdkdiYjUwYW5PTTFTYjFHS25VTkdfRGo5S3dZUHJoTXhzQ2Q1aFJCOS1RdUFQR0NiZ01VdkFieUkwaF9CU0pLTU1XVQ?oc=5,https://news.google.com/rss/articles/CBMiS0FVX3lxTFBMdkdiYjUwYW5PTTFTYjFHS25VTkdfRGo5S3dZUHJoTXhzQ2Q1aFJCOS1RdUFQR0NiZ01VdkFieUkwaF9CU0pLTU1XVQ?oc=5,,,no,yes,true,no,no,validated_not_implemented
Discovered https://news.google.com/rss/articles/CBMiTEFVX3lxTE5KOW9qanVGOU5YTkFXRWpIUkhDRXItZWpEem1CSDJvV3BsaXBmalczRTY0VWFTZE1zS0pYX3ZmWE55TzBJbFhaQmdRT2c?oc=5,news.google.com,community,developing_incidents,tier_3,https://news.google.com/rss/articles/CBMiTEFVX3lxTE5KOW9qanVGOU5YTkFXRWpIUkhDRXItZWpEem1CSDJvV3BsaXBmalczRTY0VWFTZE1zS0pYX3ZmWE55TzBJbFhaQmdRT2c?oc=5,https://news.google.com/rss/articles/CBMiTEFVX3lxTE5KOW9qanVGOU5YTkFXRWpIUkhDRXItZWpEem1CSDJvV3BsaXBmalczRTY0VWFTZE1zS0pYX3ZmWE55TzBJbFhaQmdRT2c?oc=5,,,no,yes,true,no,no,validated_not_implemented
Discovered https://news.google.com/rss/articles/CBMiTkFVX3lxTE8yRDd5alA1UWliU0NfVnFUWWNaY0ZTY19kOTEwTENGdzMzcXpXMmRZci16MkZpazV0WWg1N21LSnFyUjAyblBDTnQ1WV9wUQ?oc=5,news.google.com,community,developing_incidents,tier_3,https://news.google.com/rss/articles/CBMiTkFVX3lxTE8yRDd5alA1UWliU0NfVnFUWWNaY0ZTY19kOTEwTENGdzMzcXpXMmRZci16MkZpazV0WWg1N21LSnFyUjAyblBDTnQ1WV9wUQ?oc=5,https://news.google.com/rss/articles/CBMiTkFVX3lxTE8yRDd5alA1UWliU0NfVnFUWWNaY0ZTY19kOTEwTENGdzMzcXpXMmRZci16MkZpazV0WWg1N21LSnFyUjAyblBDTnQ1WV9wUQ?oc=5,,,no,yes,true,no,no,validated_not_implemented
Discovered https://news.google.com/rss/articles/CBMiVEFVX3lxTFB6ZFlNNmVxRGZsakhLM1JqbTRFWU5va2dXdWdkQWtiaC1RTTdKR1dTbFV3U09zS3QydVpKcDJvaEZuQllDeVBuY3dEa2VzSFlKenlBcA?oc=5,news.google.com,community,developing_incidents,tier_3,https://news.google.com/rss/articles/CBMiVEFVX3lxTFB6ZFlNNmVxRGZsakhLM1JqbTRFWU5va2dXdWdkQWtiaC1RTTdKR1dTbFV3U09zS3QydVpKcDJvaEZuQllDeVBuY3dEa2VzSFlKenlBcA?oc=5,https://news.google.com/rss/articles/CBMiVEFVX3lxTFB6ZFlNNmVxRGZsakhLM1JqbTRFWU5va2dXdWdkQWtiaC1RTTdKR1dTbFV3U09zS3QydVpKcDJvaEZuQllDeVBuY3dEa2VzSFlKenlBcA?oc=5,,,no,yes,true,no,no,validated_not_implemented
Discovered https://news.google.com/rss/articles/CBMiZ0FVX3lxTE9yamNuQV9IU1Ywc0Q3YmxxNUtnNm1iQlRfdmtWb21ReWsxdEJhVG1CUXktNEF0bFhUeWV5ckJ5a1pBZmUzLWZORldzWXVhWlRtUDRORzJjYy1kZXJndEpVNGJ4M19BR0E?oc=5,news.google.com,community,developing_incidents,tier_3,https://news.google.com/rss/articles/CBMiZ0FVX3lxTE9yamNuQV9IU1Ywc0Q3YmxxNUtnNm1iQlRfdmtWb21ReWsxdEJhVG1CUXktNEF0bFhUeWV5ckJ5a1pBZmUzLWZORldzWXVhWlRtUDRORzJjYy1kZXJndEpVNGJ4M19BR0E?oc=5,https://news.google.com/rss/articles/CBMiZ0FVX3lxTE9yamNuQV9IU1Ywc0Q3YmxxNUtnNm1iQlRfdmtWb21ReWsxdEJhVG1CUXktNEF0bFhUeWV5ckJ5a1pBZmUzLWZORldzWXVhWlRtUDRORzJjYy1kZXJndEpVNGJ4M19BR0E?oc=5,,,no,yes,true,no,no,validated_not_implemented
Discovered https://news.google.com/rss/articles/CBMia0FVX3lxTFBfUExrMTU4LUZTeVRULWhHOHQ2RHE0WnZyWG1mTm5tMWZSUU1fSDlZdF96dHpGRzg1Tk8xRXhRQVNQUjhRYnpvWkQwWmxFMlBJNTJiaU9hYWM1Q2ZGWWJOWTBEbzVFUG1seEdF?oc=5,news.google.com,community,developing_incidents,tier_3,https://news.google.com/rss/articles/CBMia0FVX3lxTFBfUExrMTU4LUZTeVRULWhHOHQ2RHE0WnZyWG1mTm5tMWZSUU1fSDlZdF96dHpGRzg1Tk8xRXhRQVNQUjhRYnpvWkQwWmxFMlBJNTJiaU9hYWM1Q2ZGWWJOWTBEbzVFUG1seEdF?oc=5,https://news.google.com/rss/articles/CBMia0FVX3lxTFBfUExrMTU4LUZTeVRULWhHOHQ2RHE0WnZyWG1mTm5tMWZSUU1fSDlZdF96dHpGRzg1Tk8xRXhRQVNQUjhRYnpvWkQwWmxFMlBJNTJiaU9hYWM1Q2ZGWWJOWTBEbzVFUG1seEdF?oc=5,,,no,yes,true,no,no,validated_not_implemented
Discovered https://news.google.com/rss/articles/CBMiaEFVX3lxTFBtNC1ETHRSa3JRY1lYN0lOb2dUYUV2eXgtbS0yVXFZeHZJVUhBVUtHZnRidVBmNUJGN0E5S0NqR213eHpiMWpzVWRyVUlYemNxZ2R2aDhyckhsbzkydXJJR1ptS3NSUFlP?oc=5,news.google.com,community,developing_incidents,tier_3,https://news.google.com/rss/articles/CBMiaEFVX3lxTFBtNC1ETHRSa3JRY1lYN0lOb2dUYUV2eXgtbS0yVXFZeHZJVUhBVUtHZnRidVBmNUJGN0E5S0NqR213eHpiMWpzVWRyVUlYemNxZ2R2aDhyckhsbzkydXJJR1ptS3NSUFlP?oc=5,https://news.google.com/rss/articles/CBMiaEFVX3lxTFBtNC1ETHRSa3JRY1lYN0lOb2dUYUV2eXgtbS0yVXFZeHZJVUhBVUtHZnRidVBmNUJGN0E5S0NqR213eHpiMWpzVWRyVUlYemNxZ2R2aDhyckhsbzkydXJJR1ptS3NSUFlP?oc=5,,,no,yes,true,no,no,validated_not_implemented
Discovered https://news.google.com/rss/articles/CBMib0FVX3lxTE9PMk1TOEhsemR0ZF9mTlRtZm93a1dKTGhXYjVBRTh2U0c1MDVkTU5LbFplSzhiZWlqT1NNNGVnYUxiSFFvM0x4RWY0aGJ0anZvOWRaU0c0c0dvaWZkZWtoU1dZNE5feGNDZU1Oc1FuZw?oc=5,news.google.com,community,developing_incidents,tier_3,https://news.google.com/rss/articles/CBMib0FVX3lxTE9PMk1TOEhsemR0ZF9mTlRtZm93a1dKTGhXYjVBRTh2U0c1MDVkTU5LbFplSzhiZWlqT1NNNGVnYUxiSFFvM0x4RWY0aGJ0anZvOWRaU0c0c0dvaWZkZWtoU1dZNE5feGNDZU1Oc1FuZw?oc=5,https://news.google.com/rss/articles/CBMib0FVX3lxTE9PMk1TOEhsemR0ZF9mTlRtZm93a1dKTGhXYjVBRTh2U0c1MDVkTU5LbFplSzhiZWlqT1NNNGVnYUxiSFFvM0x4RWY0aGJ0anZvOWRaU0c0c0dvaWZkZWtoU1dZNE5feGNDZU1Oc1FuZw?oc=5,,,no,yes,true,no,no,validated_not_implemented
Discovered https://news.google.com/rss/articles/CBMibEFVX3lxTE5rbjVyYVNINGZRODkxc29qMmN1UHlDalNBbFNKZ1RadGxJemVaWmRTTDBtaXhMM2xGN1Z1cTdhTFZIU2JhQ2pHOG1vM2hiRnFrc0hsaDFFRnNzZU92dzdIa0NDYjlPOXRmR0RCRw?oc=5,news.google.com,community,developing_incidents,tier_3,https://news.google.com/rss/articles/CBMibEFVX3lxTE5rbjVyYVNINGZRODkxc29qMmN1UHlDalNBbFNKZ1RadGxJemVaWmRTTDBtaXhMM2xGN1Z1cTdhTFZIU2JhQ2pHOG1vM2hiRnFrc0hsaDFFRnNzZU92dzdIa0NDYjlPOXRmR0RCRw?oc=5,https://news.google.com/rss/articles/CBMibEFVX3lxTE5rbjVyYVNINGZRODkxc29qMmN1UHlDalNBbFNKZ1RadGxJemVaWmRTTDBtaXhMM2xGN1Z1cTdhTFZIU2JhQ2pHOG1vM2hiRnFrc0hsaDFFRnNzZU92dzdIa0NDYjlPOXRmR0RCRw?oc=5,,,no,yes,true,no,no,validated_not_implemented
Discovered https://news.google.com/rss/articles/CBMibkFVX3lxTE1UTWhpWlBGWUhraHpYNENpYmxVWmo4UjV3NlRiZWxaSnczUnJJTE1XQlR2Rk1JdlNmMWhEMUlDcHQ4eGJKcndzR25STmpjejNFQWhEU0dpQ1Q1Nmlvc082N2NVdGJpSHBkcTliT3JR?oc=5,news.google.com,community,developing_incidents,tier_3,https://news.google.com/rss/articles/CBMibkFVX3lxTE1UTWhpWlBGWUhraHpYNENpYmxVWmo4UjV3NlRiZWxaSnczUnJJTE1XQlR2Rk1JdlNmMWhEMUlDcHQ4eGJKcndzR25STmpjejNFQWhEU0dpQ1Q1Nmlvc082N2NVdGJpSHBkcTliT3JR?oc=5,https://news.google.com/rss/articles/CBMibkFVX3lxTE1UTWhpWlBGWUhraHpYNENpYmxVWmo4UjV3NlRiZWxaSnczUnJJTE1XQlR2Rk1JdlNmMWhEMUlDcHQ4eGJKcndzR25STmpjejNFQWhEU0dpQ1Q1Nmlvc082N2NVdGJpSHBkcTliT3JR?oc=5,,,no,yes,true,no,no,validated_not_implemented
Discovered https://news.google.com/rss/articles/CBMidEFVX3lxTE52a0dFWFE4RXVheUEwSDFqVVVoTzVqbTZEeUVCWndmUjUwRElGdWtMR0ZqUlNxTzBHc2w4ZXhMVk1aSFp2OU1wM0VSOFVwazhKUVZZcG9TX0NFWlVseGxnYnlIbUV2a09Ra1NRZWtUWlU5NzdM?oc=5,news.google.com,community,developing_incidents,tier_3,https://news.google.com/rss/articles/CBMidEFVX3lxTE52a0dFWFE4RXVheUEwSDFqVVVoTzVqbTZEeUVCWndmUjUwRElGdWtMR0ZqUlNxTzBHc2w4ZXhMVk1aSFp2OU1wM0VSOFVwazhKUVZZcG9TX0NFWlVseGxnYnlIbUV2a09Ra1NRZWtUWlU5NzdM?oc=5,https://news.google.com/rss/articles/CBMidEFVX3lxTE52a0dFWFE4RXVheUEwSDFqVVVoTzVqbTZEeUVCWndmUjUwRElGdWtMR0ZqUlNxTzBHc2w4ZXhMVk1aSFp2OU1wM0VSOFVwazhKUVZZcG9TX0NFWlVseGxnYnlIbUV2a09Ra1NRZWtUWlU5NzdM?oc=5,,,no,yes,true,no,no,validated_not_implemented
Discovered https://news.google.com/rss/articles/CBMidEFVX3lxTFA5U25fWFVfbENiczNjVWI5M2piUUlldDlHX0JxM1hRbnJkbkJRUFRDTWtpQ3N3OHZDMWtHN2NlSHFHMHNzbkZGQlR4Mi0xMUZWREJpd0luXzFHZ2N6SFpkOUhkeEhxTmE0THdLWlVhWExrNkJQ?oc=5,news.google.com,community,developing_incidents,tier_3,https://news.google.com/rss/articles/CBMidEFVX3lxTFA5U25fWFVfbENiczNjVWI5M2piUUlldDlHX0JxM1hRbnJkbkJRUFRDTWtpQ3N3OHZDMWtHN2NlSHFHMHNzbkZGQlR4Mi0xMUZWREJpd0luXzFHZ2N6SFpkOUhkeEhxTmE0THdLWlVhWExrNkJQ?oc=5,https://news.google.com/rss/articles/CBMidEFVX3lxTFA5U25fWFVfbENiczNjVWI5M2piUUlldDlHX0JxM1hRbnJkbkJRUFRDTWtpQ3N3OHZDMWtHN2NlSHFHMHNzbkZGQlR4Mi0xMUZWREJpd0luXzFHZ2N6SFpkOUhkeEhxTmE0THdLWlVhWExrNkJQ?oc=5,,,no,yes,true,no,no,validated_not_implemented
Discovered https://news.google.com/rss/articles/CBMidkFVX3lxTE1UUFN2eE9DQU9lZGloMDdQSWJUSVVZNXZUMlExbW5aTjdhM0JGZ3JMOFpvSkVtWG5OOFBUaVY1YmxkOVhaTEtQUk1rQlF4SllfX3NiQzFsazhNWGY3QVRXN0FITmxMQ191ZG9qcDZrd0U0M2NwNFE?oc=5,news.google.com,community,developing_incidents,tier_3,https://news.google.com/rss/articles/CBMidkFVX3lxTE1UUFN2eE9DQU9lZGloMDdQSWJUSVVZNXZUMlExbW5aTjdhM0JGZ3JMOFpvSkVtWG5OOFBUaVY1YmxkOVhaTEtQUk1rQlF4SllfX3NiQzFsazhNWGY3QVRXN0FITmxMQ191ZG9qcDZrd0U0M2NwNFE?oc=5,https://news.google.com/rss/articles/CBMidkFVX3lxTE1UUFN2eE9DQU9lZGloMDdQSWJUSVVZNXZUMlExbW5aTjdhM0JGZ3JMOFpvSkVtWG5OOFBUaVY1YmxkOVhaTEtQUk1rQlF4SllfX3NiQzFsazhNWGY3QVRXN0FITmxMQ191ZG9qcDZrd0U0M2NwNFE?oc=5,,,no,yes,true,no,no,validated_not_implemented
Discovered https://news.google.com/rss/articles/CBMidkFVX3lxTE8wdC1iNkZqLTRTQ0JPS3dJSlRPY1V3NUQ5MUVoeE92YXlKdl91NW1tYzVOc0g0bEVuRk5XeFFubDIzcTl3b3JNUmRMcEtheEZYUmlHRktwV3diUzk1RUZWRVJVOXhENkNMRUFWZWVHaDhaeUhvS3c?oc=5,news.google.com,community,developing_incidents,tier_3,https://news.google.com/rss/articles/CBMidkFVX3lxTE8wdC1iNkZqLTRTQ0JPS3dJSlRPY1V3NUQ5MUVoeE92YXlKdl91NW1tYzVOc0g0bEVuRk5XeFFubDIzcTl3b3JNUmRMcEtheEZYUmlHRktwV3diUzk1RUZWRVJVOXhENkNMRUFWZWVHaDhaeUhvS3c?oc=5,https://news.google.com/rss/articles/CBMidkFVX3lxTE8wdC1iNkZqLTRTQ0JPS3dJSlRPY1V3NUQ5MUVoeE92YXlKdl91NW1tYzVOc0g0bEVuRk5XeFFubDIzcTl3b3JNUmRMcEtheEZYUmlHRktwV3diUzk1RUZWRVJVOXhENkNMRUFWZWVHaDhaeUhvS3c?oc=5,,,no,yes,true,no,no,validated_not_implemented
Discovered https://news.google.com/rss/articles/CBMie0FVX3lxTE54RXJyOVJDbjR1U1ZnT3VvMlRQU3haQ0NFQVZ6aTEzU2xsU2hGNzR1YThJVkZ1bzg4aXlFQkt0bkotem9yTDhCT3pvQjVMMmpyY3dqYWFDSDRDZDRuOHJuX0dDU1ZjOHZabVFnVjZaa2hjbkZUUVREMTJhNA?oc=5,news.google.com,community,developing_incidents,tier_3,https://news.google.com/rss/articles/CBMie0FVX3lxTE54RXJyOVJDbjR1U1ZnT3VvMlRQU3haQ0NFQVZ6aTEzU2xsU2hGNzR1YThJVkZ1bzg4aXlFQkt0bkotem9yTDhCT3pvQjVMMmpyY3dqYWFDSDRDZDRuOHJuX0dDU1ZjOHZabVFnVjZaa2hjbkZUUVREMTJhNA?oc=5,https://news.google.com/rss/articles/CBMie0FVX3lxTE54RXJyOVJDbjR1U1ZnT3VvMlRQU3haQ0NFQVZ6aTEzU2xsU2hGNzR1YThJVkZ1bzg4aXlFQkt0bkotem9yTDhCT3pvQjVMMmpyY3dqYWFDSDRDZDRuOHJuX0dDU1ZjOHZabVFnVjZaa2hjbkZUUVREMTJhNA?oc=5,,,no,yes,true,no,no,validated_not_implemented
Discovered https://news.google.com/rss/articles/CBMieEFVX3lxTE1mbldHZkJJMjA3QXZwX0llYm1jQkR5RDdUR0hoeEhCOXE3emtjaGhQQVF6bVZmNHg0YnNpU2hOeURaWGpuUVQ2MDJLSjBndEt0eWw4NHU0RDBVcUpUTWdSdTdEOWpHbmd6VDNiSkpTR2JlVHZfaXNLTQ?oc=5,news.google.com,community,developing_incidents,tier_3,https://news.google.com/rss/articles/CBMieEFVX3lxTE1mbldHZkJJMjA3QXZwX0llYm1jQkR5RDdUR0hoeEhCOXE3emtjaGhQQVF6bVZmNHg0YnNpU2hOeURaWGpuUVQ2MDJLSjBndEt0eWw4NHU0RDBVcUpUTWdSdTdEOWpHbmd6VDNiSkpTR2JlVHZfaXNLTQ?oc=5,https://news.google.com/rss/articles/CBMieEFVX3lxTE1mbldHZkJJMjA3QXZwX0llYm1jQkR5RDdUR0hoeEhCOXE3emtjaGhQQVF6bVZmNHg0YnNpU2hOeURaWGpuUVQ2MDJLSjBndEt0eWw4NHU0RDBVcUpUTWdSdTdEOWpHbmd6VDNiSkpTR2JlVHZfaXNLTQ?oc=5,,,no,yes,true,no,no,validated_not_implemented
Discovered https://news.google.com/rss/articles/CBMiekFVX3lxTFBEQ0YteE1Gb1NlWEpzVjNqUE1CckZuT0txSTlUZnlJcS1paWdsak1TeUN1T2VLT1BDc0l3X1JzbjhqNXpSVlVWelNoRHhpd3JkN0JmTTZjbkN0WURMMWJLMzVONmRvS3lnSTVBV3dIc3lOU0c5Rmt0VWR3?oc=5,news.google.com,community,developing_incidents,tier_3,https://news.google.com/rss/articles/CBMiekFVX3lxTFBEQ0YteE1Gb1NlWEpzVjNqUE1CckZuT0txSTlUZnlJcS1paWdsak1TeUN1T2VLT1BDc0l3X1JzbjhqNXpSVlVWelNoRHhpd3JkN0JmTTZjbkN0WURMMWJLMzVONmRvS3lnSTVBV3dIc3lOU0c5Rmt0VWR3?oc=5,https://news.google.com/rss/articles/CBMiekFVX3lxTFBEQ0YteE1Gb1NlWEpzVjNqUE1CckZuT0txSTlUZnlJcS1paWdsak1TeUN1T2VLT1BDc0l3X1JzbjhqNXpSVlVWelNoRHhpd3JkN0JmTTZjbkN0WURMMWJLMzVONmRvS3lnSTVBV3dIc3lOU0c5Rmt0VWR3?oc=5,,,no,yes,true,no,no,validated_not_implemented
Discovered https://news.google.com/rss/articles/CBMiekFVX3lxTFBUTm1UNi1NMXZlNVl2LXhwYi15R09kd0tMRDNaXzhtZmVkM1FydU1ETUVPVlZ2OEh5VndVWmdxZTdCSldLZ092SjByS1lydmR2cGlnZ24tVVhwMlVVV2d1cFlZNVVqTGFRcEk4NnZodWNfYUF6a0FMZTlR?oc=5,news.google.com,community,developing_incidents,tier_3,https://news.google.com/rss/articles/CBMiekFVX3lxTFBUTm1UNi1NMXZlNVl2LXhwYi15R09kd0tMRDNaXzhtZmVkM1FydU1ETUVPVlZ2OEh5VndVWmdxZTdCSldLZ092SjByS1lydmR2cGlnZ24tVVhwMlVVV2d1cFlZNVVqTGFRcEk4NnZodWNfYUF6a0FMZTlR?oc=5,https://news.google.com/rss/articles/CBMiekFVX3lxTFBUTm1UNi1NMXZlNVl2LXhwYi15R09kd0tMRDNaXzhtZmVkM1FydU1ETUVPVlZ2OEh5VndVWmdxZTdCSldLZ092SjByS1lydmR2cGlnZ24tVVhwMlVVV2d1cFlZNVVqTGFRcEk4NnZodWNfYUF6a0FMZTlR?oc=5,,,no,yes,true,no,no,validated_not_implemented
Discovered https://news.google.com/rss/articles/CBMifEFVX3lxTE5UZGRZNGN4YlhrQXA3aEFONUlrMkFadlVlWXljcDJ1VGpFelpva2xNVVVZT1prX2cxTjd1ZEl0cHpMR0c5TFlWNHdNTHhnclpObm9VYjRBbFE1Y3pQcG95dnNFUGo3Wm1adFdjdTBwRXh1ZXlqbURjWjlic0c?oc=5,news.google.com,community,developing_incidents,tier_3,https://news.google.com/rss/articles/CBMifEFVX3lxTE5UZGRZNGN4YlhrQXA3aEFONUlrMkFadlVlWXljcDJ1VGpFelpva2xNVVVZT1prX2cxTjd1ZEl0cHpMR0c5TFlWNHdNTHhnclpObm9VYjRBbFE1Y3pQcG95dnNFUGo3Wm1adFdjdTBwRXh1ZXlqbURjWjlic0c?oc=5,https://news.google.com/rss/articles/CBMifEFVX3lxTE5UZGRZNGN4YlhrQXA3aEFONUlrMkFadlVlWXljcDJ1VGpFelpva2xNVVVZT1prX2cxTjd1ZEl0cHpMR0c5TFlWNHdNTHhnclpObm9VYjRBbFE1Y3pQcG95dnNFUGo3Wm1adFdjdTBwRXh1ZXlqbURjWjlic0c?oc=5,,,no,yes,true,no,no,validated_not_implemented
Discovered https://news.google.com/rss/articles/CBMigAFBVV95cUxOTVBRakwxUGxLb0RZQ3hQYVFzdW1UYmRDc1dMTGFtLWtXWGtjTkpDV1I3Zm8wXzg3TFRKSEhCLURJSlVpYVl2aDBOZE9SNlNFaEVXZmFpZ0hQX1pTckJLOGV5cjlMbzRHbENyM1B3WDdxa0ZuV3JrVFFldlZ4TFExRg?oc=5,news.google.com,community,developing_incidents,tier_3,https://news.google.com/rss/articles/CBMigAFBVV95cUxOTVBRakwxUGxLb0RZQ3hQYVFzdW1UYmRDc1dMTGFtLWtXWGtjTkpDV1I3Zm8wXzg3TFRKSEhCLURJSlVpYVl2aDBOZE9SNlNFaEVXZmFpZ0hQX1pTckJLOGV5cjlMbzRHbENyM1B3WDdxa0ZuV3JrVFFldlZ4TFExRg?oc=5,https://news.google.com/rss/articles/CBMigAFBVV95cUxOTVBRakwxUGxLb0RZQ3hQYVFzdW1UYmRDc1dMTGFtLWtXWGtjTkpDV1I3Zm8wXzg3TFRKSEhCLURJSlVpYVl2aDBOZE9SNlNFaEVXZmFpZ0hQX1pTckJLOGV5cjlMbzRHbENyM1B3WDdxa0ZuV3JrVFFldlZ4TFExRg?oc=5,,,no,yes,true,no,no,validated_not_implemented
Discovered https://news.google.com/rss/articles/CBMigAFBVV95cUxPVlNaczF0TUVlWElob0dCY2ZIT2dmYlQtTGVEbFY0b1BxeUx1Rmk3M1dpTnZLaUYtcHprQnRjYkFmUmRMbDVVTFdaR3RhME9fMzNZYlBJUkRsT2ZtMEVGeEdrWDRVZUdQa1FLU21XQmxCX2QtWFQ3UTdRYjJFR0ZzMw?oc=5,news.google.com,community,developing_incidents,tier_3,https://news.google.com/rss/articles/CBMigAFBVV95cUxPVlNaczF0TUVlWElob0dCY2ZIT2dmYlQtTGVEbFY0b1BxeUx1Rmk3M1dpTnZLaUYtcHprQnRjYkFmUmRMbDVVTFdaR3RhME9fMzNZYlBJUkRsT2ZtMEVGeEdrWDRVZUdQa1FLU21XQmxCX2QtWFQ3UTdRYjJFR0ZzMw?oc=5,https://news.google.com/rss/articles/CBMigAFBVV95cUxPVlNaczF0TUVlWElob0dCY2ZIT2dmYlQtTGVEbFY0b1BxeUx1Rmk3M1dpTnZLaUYtcHprQnRjYkFmUmRMbDVVTFdaR3RhME9fMzNZYlBJUkRsT2ZtMEVGeEdrWDRVZUdQa1FLU21XQmxCX2QtWFQ3UTdRYjJFR0ZzMw?oc=5,,,no,yes,true,no,no,validated_not_implemented
Discovered https://news.google.com/rss/articles/CBMigAFBVV95cUxPbGFocUNwaHhSdnpGVVdQMXZjV1lRek1XeHduWFVIbFpyUS1aaS1YSnpkUEdNamU4LUd4SEl2QmZuNkhiTk1TM1ZBQ2hSYThEZ21PcE5yZHowTDl6ZElsS21Na3hBcnZNbzJmZzJRakhINjk0aVR1MXcxZURXUi14VA?oc=5,news.google.com,community,developing_incidents,tier_3,https://news.google.com/rss/articles/CBMigAFBVV95cUxPbGFocUNwaHhSdnpGVVdQMXZjV1lRek1XeHduWFVIbFpyUS1aaS1YSnpkUEdNamU4LUd4SEl2QmZuNkhiTk1TM1ZBQ2hSYThEZ21PcE5yZHowTDl6ZElsS21Na3hBcnZNbzJmZzJRakhINjk0aVR1MXcxZURXUi14VA?oc=5,https://news.google.com/rss/articles/CBMigAFBVV95cUxPbGFocUNwaHhSdnpGVVdQMXZjV1lRek1XeHduWFVIbFpyUS1aaS1YSnpkUEdNamU4LUd4SEl2QmZuNkhiTk1TM1ZBQ2hSYThEZ21PcE5yZHowTDl6ZElsS21Na3hBcnZNbzJmZzJRakhINjk0aVR1MXcxZURXUi14VA?oc=5,,,no,yes,true,no,no,validated_not_implemented
Discovered https://news.google.com/rss/articles/CBMigAFBVV95cUxQWUd6T21zY0pLdU03Wng4TUFYY3ZOWWtUSE5MeHBKRXpGSFAtWXJZZ1ZiUnptSlkwZE9GTDc4dkQydE1Zb00zNlRscmNMQTh4UW5rTWJaOXQ2MVV2WE0wZDhKOGtOcHhlNU1ab2lBTWVEZ3ZpVDJkU0xzOTNmQnktVQ?oc=5,news.google.com,community,developing_incidents,tier_3,https://news.google.com/rss/articles/CBMigAFBVV95cUxQWUd6T21zY0pLdU03Wng4TUFYY3ZOWWtUSE5MeHBKRXpGSFAtWXJZZ1ZiUnptSlkwZE9GTDc4dkQydE1Zb00zNlRscmNMQTh4UW5rTWJaOXQ2MVV2WE0wZDhKOGtOcHhlNU1ab2lBTWVEZ3ZpVDJkU0xzOTNmQnktVQ?oc=5,https://news.google.com/rss/articles/CBMigAFBVV95cUxQWUd6T21zY0pLdU03Wng4TUFYY3ZOWWtUSE5MeHBKRXpGSFAtWXJZZ1ZiUnptSlkwZE9GTDc4dkQydE1Zb00zNlRscmNMQTh4UW5rTWJaOXQ2MVV2WE0wZDhKOGtOcHhlNU1ab2lBTWVEZ3ZpVDJkU0xzOTNmQnktVQ?oc=5,,,no,yes,true,no,no,validated_not_implemented
Discovered https://news.google.com/rss/articles/CBMiggFBVV95cUxNWUhhUHprYmZ0b1FNQlFSN3BhazV5U2ktbFVCV2RXWTh3aTFhYlg3dzNELVJXbUdObXlOTXF2TWNXdFY0U3RpQU1KRVgzT0loU1gzdVRDUEpJUWJCbklXWjh6NjhTTUtuZGxTdTBrVDRTdi1BdF9DQXFxNEJZNDViUld3?oc=5,news.google.com,community,developing_incidents,tier_3,https://news.google.com/rss/articles/CBMiggFBVV95cUxNWUhhUHprYmZ0b1FNQlFSN3BhazV5U2ktbFVCV2RXWTh3aTFhYlg3dzNELVJXbUdObXlOTXF2TWNXdFY0U3RpQU1KRVgzT0loU1gzdVRDUEpJUWJCbklXWjh6NjhTTUtuZGxTdTBrVDRTdi1BdF9DQXFxNEJZNDViUld3?oc=5,https://news.google.com/rss/articles/CBMiggFBVV95cUxNWUhhUHprYmZ0b1FNQlFSN3BhazV5U2ktbFVCV2RXWTh3aTFhYlg3dzNELVJXbUdObXlOTXF2TWNXdFY0U3RpQU1KRVgzT0loU1gzdVRDUEpJUWJCbklXWjh6NjhTTUtuZGxTdTBrVDRTdi1BdF9DQXFxNEJZNDViUld3?oc=5,,,no,yes,true,no,no,validated_not_implemented
Discovered https://news.google.com/rss/articles/CBMiggFBVV95cUxOWjBaMl9hZEJKcVpqYnBMbXVKcF9uemlPMkJOZ1ZCQTlEQ1NKZEFaTmcyeXRrQ2FsOE5XT0dveGtyQVlkUWxtREpiZ2piS09kb3FBNnBBQl9mc1ZkTktWZ0t5ZEVEVkxKYmJwMlhEWGVZOHZVWm80UlRaeUg0dlJpdXNR?oc=5,news.google.com,community,developing_incidents,tier_3,https://news.google.com/rss/articles/CBMiggFBVV95cUxOWjBaMl9hZEJKcVpqYnBMbXVKcF9uemlPMkJOZ1ZCQTlEQ1NKZEFaTmcyeXRrQ2FsOE5XT0dveGtyQVlkUWxtREpiZ2piS09kb3FBNnBBQl9mc1ZkTktWZ0t5ZEVEVkxKYmJwMlhEWGVZOHZVWm80UlRaeUg0dlJpdXNR?oc=5,https://news.google.com/rss/articles/CBMiggFBVV95cUxOWjBaMl9hZEJKcVpqYnBMbXVKcF9uemlPMkJOZ1ZCQTlEQ1NKZEFaTmcyeXRrQ2FsOE5XT0dveGtyQVlkUWxtREpiZ2piS09kb3FBNnBBQl9mc1ZkTktWZ0t5ZEVEVkxKYmJwMlhEWGVZOHZVWm80UlRaeUg0dlJpdXNR?oc=5,,,no,yes,true,no,no,validated_not_implemented
Discovered https://news.google.com/rss/articles/CBMiggFBVV95cUxPc1BvYVNZUEtjY3JmQ1dBRUxHRS02aDJhNHdzWkQzYUpodkQ2ZWJNMGVQUG1uOU44ZlZfck52bU1veVkzNGQ2ZFpQWG4tbm9nWE9EWjFMTFpZTlhmbHdPdHFhaUhRWDB4ZV94eVJiUVFRcmFyUVZwaDFZNEQxOWg2aE5n?oc=5,news.google.com,community,developing_incidents,tier_3,https://news.google.com/rss/articles/CBMiggFBVV95cUxPc1BvYVNZUEtjY3JmQ1dBRUxHRS02aDJhNHdzWkQzYUpodkQ2ZWJNMGVQUG1uOU44ZlZfck52bU1veVkzNGQ2ZFpQWG4tbm9nWE9EWjFMTFpZTlhmbHdPdHFhaUhRWDB4ZV94eVJiUVFRcmFyUVZwaDFZNEQxOWg2aE5n?oc=5,https://news.google.com/rss/articles/CBMiggFBVV95cUxPc1BvYVNZUEtjY3JmQ1dBRUxHRS02aDJhNHdzWkQzYUpodkQ2ZWJNMGVQUG1uOU44ZlZfck52bU1veVkzNGQ2ZFpQWG4tbm9nWE9EWjFMTFpZTlhmbHdPdHFhaUhRWDB4ZV94eVJiUVFRcmFyUVZwaDFZNEQxOWg2aE5n?oc=5,,,no,yes,true,no,no,validated_not_implemented
Discovered https://news.google.com/rss/articles/CBMigwFBVV95cUxNY1JtUlFFMXQ3cDJ5MmtYM1k3YmlLX2dlN3VmdHpLYmhpOEZGZjZmc2I2bERJMGZvcWswTDdlU0JidmpjcEw5M0Fad3JVek1xTWtNSm1RR2I4VnlBRE1JbHFmTXZJbFJuSl9qTjBpY2VZUC13OTNwaDdncUNHR2txZjdvcw?oc=5,news.google.com,community,developing_incidents,tier_3,https://news.google.com/rss/articles/CBMigwFBVV95cUxNY1JtUlFFMXQ3cDJ5MmtYM1k3YmlLX2dlN3VmdHpLYmhpOEZGZjZmc2I2bERJMGZvcWswTDdlU0JidmpjcEw5M0Fad3JVek1xTWtNSm1RR2I4VnlBRE1JbHFmTXZJbFJuSl9qTjBpY2VZUC13OTNwaDdncUNHR2txZjdvcw?oc=5,https://news.google.com/rss/articles/CBMigwFBVV95cUxNY1JtUlFFMXQ3cDJ5MmtYM1k3YmlLX2dlN3VmdHpLYmhpOEZGZjZmc2I2bERJMGZvcWswTDdlU0JidmpjcEw5M0Fad3JVek1xTWtNSm1RR2I4VnlBRE1JbHFmTXZJbFJuSl9qTjBpY2VZUC13OTNwaDdncUNHR2txZjdvcw?oc=5,,,no,yes,true,no,no,validated_not_implemented
Discovered https://news.google.com/rss/articles/CBMigwFBVV95cUxOQXBhNlJqUTR0T0xKM0dQcmpGT1ZtakdaSmRBSFl3M1FHUENQZG5xMkVuZTI2cUFScmFYQU40VUstRThPZDBJam81N21KTE54YjJZanM4eXlEUmxTUndOMWNPX1Q1WHNrdlVmTV9QTFI0SnlsNTlydDJtSEloMWFlekpPUQ?oc=5,news.google.com,community,developing_incidents,tier_3,https://news.google.com/rss/articles/CBMigwFBVV95cUxOQXBhNlJqUTR0T0xKM0dQcmpGT1ZtakdaSmRBSFl3M1FHUENQZG5xMkVuZTI2cUFScmFYQU40VUstRThPZDBJam81N21KTE54YjJZanM4eXlEUmxTUndOMWNPX1Q1WHNrdlVmTV9QTFI0SnlsNTlydDJtSEloMWFlekpPUQ?oc=5,https://news.google.com/rss/articles/CBMigwFBVV95cUxOQXBhNlJqUTR0T0xKM0dQcmpGT1ZtakdaSmRBSFl3M1FHUENQZG5xMkVuZTI2cUFScmFYQU40VUstRThPZDBJam81N21KTE54YjJZanM4eXlEUmxTUndOMWNPX1Q1WHNrdlVmTV9QTFI0SnlsNTlydDJtSEloMWFlekpPUQ?oc=5,,,no,yes,true,no,no,validated_not_implemented
Discovered https://news.google.com/rss/articles/CBMigwFBVV95cUxQN1ZxWlFyUDl5VVdyNjZ1WGVIMGs4aE82VjRla2luTlpMRDBvdlVZcHlNXy1Yb29KNS1qSmUzS19vU21pSDFCUXZ6Z1huVjdRR3pWT1h3RzhPb0lhLVk5OXlmUGhNbkdhZTExQmtSN0hwWUlxLXEydGVFcFNLbUZMczhBcw?oc=5,news.google.com,community,developing_incidents,tier_3,https://news.google.com/rss/articles/CBMigwFBVV95cUxQN1ZxWlFyUDl5VVdyNjZ1WGVIMGs4aE82VjRla2luTlpMRDBvdlVZcHlNXy1Yb29KNS1qSmUzS19vU21pSDFCUXZ6Z1huVjdRR3pWT1h3RzhPb0lhLVk5OXlmUGhNbkdhZTExQmtSN0hwWUlxLXEydGVFcFNLbUZMczhBcw?oc=5,https://news.google.com/rss/articles/CBMigwFBVV95cUxQN1ZxWlFyUDl5VVdyNjZ1WGVIMGs4aE82VjRla2luTlpMRDBvdlVZcHlNXy1Yb29KNS1qSmUzS19vU21pSDFCUXZ6Z1huVjdRR3pWT1h3RzhPb0lhLVk5OXlmUGhNbkdhZTExQmtSN0hwWUlxLXEydGVFcFNLbUZMczhBcw?oc=5,,,no,yes,true,no,no,validated_not_implemented
Discovered https://news.google.com/rss/articles/CBMigwFBVV95cUxQZDZUYmE3QWVfZ3Rucmw5YjRNeXVfWkVTeXg3ZzNOSDJvN1BVTjNyS0hKLUZVYUN5ZGpRWWZTWFlUcHN5NV91U3JBbzZQRS1TS2l3eXprTEJzbnVfUEJnSzRQTlZHU1dhUFUxeGxtMUJyM3NqLVdjZmJkT2pTSlhib0h2QQ?oc=5,news.google.com,community,developing_incidents,tier_3,https://news.google.com/rss/articles/CBMigwFBVV95cUxQZDZUYmE3QWVfZ3Rucmw5YjRNeXVfWkVTeXg3ZzNOSDJvN1BVTjNyS0hKLUZVYUN5ZGpRWWZTWFlUcHN5NV91U3JBbzZQRS1TS2l3eXprTEJzbnVfUEJnSzRQTlZHU1dhUFUxeGxtMUJyM3NqLVdjZmJkT2pTSlhib0h2QQ?oc=5,https://news.google.com/rss/articles/CBMigwFBVV95cUxQZDZUYmE3QWVfZ3Rucmw5YjRNeXVfWkVTeXg3ZzNOSDJvN1BVTjNyS0hKLUZVYUN5ZGpRWWZTWFlUcHN5NV91U3JBbzZQRS1TS2l3eXprTEJzbnVfUEJnSzRQTlZHU1dhUFUxeGxtMUJyM3NqLVdjZmJkT2pTSlhib0h2QQ?oc=5,,,no,yes,true,no,no,validated_not_implemented
Discovered https://news.google.com/rss/articles/CBMihAFBVV95cUxPcXczMUJNX3pSNWdMWGtRVXk0N25yMlZxNUlRRVd1YjFINUE2RWJSbzdOMEV6UmpxVG85aWs5bUZ4MzM0X1F5eVdiSjBtWkdsbXJfNmFfRFo5QnFjZmxKaFVEbFN1aW8zc0FnRG92elRLQ1FXR3FGcXVVVTE3Q2VKQUVodWc?oc=5,news.google.com,community,developing_incidents,tier_3,https://news.google.com/rss/articles/CBMihAFBVV95cUxPcXczMUJNX3pSNWdMWGtRVXk0N25yMlZxNUlRRVd1YjFINUE2RWJSbzdOMEV6UmpxVG85aWs5bUZ4MzM0X1F5eVdiSjBtWkdsbXJfNmFfRFo5QnFjZmxKaFVEbFN1aW8zc0FnRG92elRLQ1FXR3FGcXVVVTE3Q2VKQUVodWc?oc=5,https://news.google.com/rss/articles/CBMihAFBVV95cUxPcXczMUJNX3pSNWdMWGtRVXk0N25yMlZxNUlRRVd1YjFINUE2RWJSbzdOMEV6UmpxVG85aWs5bUZ4MzM0X1F5eVdiSjBtWkdsbXJfNmFfRFo5QnFjZmxKaFVEbFN1aW8zc0FnRG92elRLQ1FXR3FGcXVVVTE3Q2VKQUVodWc?oc=5,,,no,yes,true,no,no,validated_not_implemented
Discovered https://news.google.com/rss/articles/CBMihAFBVV95cUxPcjJheVRVbXNFZHNDam5aVHFlM2tLSFd6cUZYZWdKaE5JSGV0QkVJV3pxME9Qbl9NTmVsdjZzMlpxUnRPX0JvN0I5d2hHTHNhSWJNYW9vRTBvWGVzR2tTRDFhbjV4endQWEV0a1IyYlI1aGhWeC1HY0p2bERKcUc2N09oMTc?oc=5,news.google.com,community,developing_incidents,tier_3,https://news.google.com/rss/articles/CBMihAFBVV95cUxPcjJheVRVbXNFZHNDam5aVHFlM2tLSFd6cUZYZWdKaE5JSGV0QkVJV3pxME9Qbl9NTmVsdjZzMlpxUnRPX0JvN0I5d2hHTHNhSWJNYW9vRTBvWGVzR2tTRDFhbjV4endQWEV0a1IyYlI1aGhWeC1HY0p2bERKcUc2N09oMTc?oc=5,https://news.google.com/rss/articles/CBMihAFBVV95cUxPcjJheVRVbXNFZHNDam5aVHFlM2tLSFd6cUZYZWdKaE5JSGV0QkVJV3pxME9Qbl9NTmVsdjZzMlpxUnRPX0JvN0I5d2hHTHNhSWJNYW9vRTBvWGVzR2tTRDFhbjV4endQWEV0a1IyYlI1aGhWeC1HY0p2bERKcUc2N09oMTc?oc=5,,,no,yes,true,no,no,validated_not_implemented
Discovered https://news.google.com/rss/articles/CBMihAFBVV95cUxQN3RoWW5HVlV3YnJMUV9nWDBtRjljbjRDN1NuandLNTd0aEdoajktNGk5ZUlhaTdfOWxMNGdLR0xMVlM0eGw2MWNmcjE2MExmM1dTT0tOQlhvRkpOZVotcjkxMzJ5SElWU2NiMHlPelluTHpHN0VfSjNZVGpOdWtQVXljR0s?oc=5,news.google.com,community,developing_incidents,tier_3,https://news.google.com/rss/articles/CBMihAFBVV95cUxQN3RoWW5HVlV3YnJMUV9nWDBtRjljbjRDN1NuandLNTd0aEdoajktNGk5ZUlhaTdfOWxMNGdLR0xMVlM0eGw2MWNmcjE2MExmM1dTT0tOQlhvRkpOZVotcjkxMzJ5SElWU2NiMHlPelluTHpHN0VfSjNZVGpOdWtQVXljR0s?oc=5,https://news.google.com/rss/articles/CBMihAFBVV95cUxQN3RoWW5HVlV3YnJMUV9nWDBtRjljbjRDN1NuandLNTd0aEdoajktNGk5ZUlhaTdfOWxMNGdLR0xMVlM0eGw2MWNmcjE2MExmM1dTT0tOQlhvRkpOZVotcjkxMzJ5SElWU2NiMHlPelluTHpHN0VfSjNZVGpOdWtQVXljR0s?oc=5,,,no,yes,true,no,no,validated_not_implemented
Discovered https://news.google.com/rss/articles/CBMihgFBVV95cUxPOGJXZFEzM2lKalBINjNhdl9lRTVTRUJ3bkkyVS1kTW1mS3JlTW1IMnZhRHVTRi1WYTBwQTlNQnJlNUxQNVUxbmplc1VlclVPcXBmT2RMUzNGNnVyLVk5U1QyRXdfMU4wZTIyUVlLR2FqM0RyQUI1aWVxWVFmN19yOUNVbHFvdw?oc=5,news.google.com,community,developing_incidents,tier_3,https://news.google.com/rss/articles/CBMihgFBVV95cUxPOGJXZFEzM2lKalBINjNhdl9lRTVTRUJ3bkkyVS1kTW1mS3JlTW1IMnZhRHVTRi1WYTBwQTlNQnJlNUxQNVUxbmplc1VlclVPcXBmT2RMUzNGNnVyLVk5U1QyRXdfMU4wZTIyUVlLR2FqM0RyQUI1aWVxWVFmN19yOUNVbHFvdw?oc=5,https://news.google.com/rss/articles/CBMihgFBVV95cUxPOGJXZFEzM2lKalBINjNhdl9lRTVTRUJ3bkkyVS1kTW1mS3JlTW1IMnZhRHVTRi1WYTBwQTlNQnJlNUxQNVUxbmplc1VlclVPcXBmT2RMUzNGNnVyLVk5U1QyRXdfMU4wZTIyUVlLR2FqM0RyQUI1aWVxWVFmN19yOUNVbHFvdw?oc=5,,,no,yes,true,no,no,validated_not_implemented
Discovered https://news.google.com/rss/articles/CBMihwFBVV95cUxNekptT05qSlRCWjlqTERlbDlVMjhyZTh4N0RBc0hfczNSQWE0WjJ2Zk5EbnVqUGw4Vk1venFlbS1INHFpZHZ1TXVhaVdGMy1HZEpmbGVYaE5ldExvWEtuWXM5TDA0a0J1V1JkUnJ4djJJeURGMzhYa2FDaENqZGw5SGNRczZJRWM?oc=5,news.google.com,community,developing_incidents,tier_3,https://news.google.com/rss/articles/CBMihwFBVV95cUxNekptT05qSlRCWjlqTERlbDlVMjhyZTh4N0RBc0hfczNSQWE0WjJ2Zk5EbnVqUGw4Vk1venFlbS1INHFpZHZ1TXVhaVdGMy1HZEpmbGVYaE5ldExvWEtuWXM5TDA0a0J1V1JkUnJ4djJJeURGMzhYa2FDaENqZGw5SGNRczZJRWM?oc=5,https://news.google.com/rss/articles/CBMihwFBVV95cUxNekptT05qSlRCWjlqTERlbDlVMjhyZTh4N0RBc0hfczNSQWE0WjJ2Zk5EbnVqUGw4Vk1venFlbS1INHFpZHZ1TXVhaVdGMy1HZEpmbGVYaE5ldExvWEtuWXM5TDA0a0J1V1JkUnJ4djJJeURGMzhYa2FDaENqZGw5SGNRczZJRWM?oc=5,,,no,yes,true,no,no,validated_not_implemented
Discovered https://news.google.com/rss/articles/CBMihwFBVV95cUxQbnBYNU43dVFQRlhGMmVkOVNmb0hHamxuQWdLMWE4UkUyTkJkZzhnYUpPNHFhc1VrYjExNnZEdFItRFR1RFlqTmpmQ1lPbUNsNUluY0trelFqYkVQckhtWXE2cnB6ZGh3ZnpLTWVZSFEyZ001MlBMVFdWajBxNUVGakFyYWExZU0?oc=5,news.google.com,community,developing_incidents,tier_3,https://news.google.com/rss/articles/CBMihwFBVV95cUxQbnBYNU43dVFQRlhGMmVkOVNmb0hHamxuQWdLMWE4UkUyTkJkZzhnYUpPNHFhc1VrYjExNnZEdFItRFR1RFlqTmpmQ1lPbUNsNUluY0trelFqYkVQckhtWXE2cnB6ZGh3ZnpLTWVZSFEyZ001MlBMVFdWajBxNUVGakFyYWExZU0?oc=5,https://news.google.com/rss/articles/CBMihwFBVV95cUxQbnBYNU43dVFQRlhGMmVkOVNmb0hHamxuQWdLMWE4UkUyTkJkZzhnYUpPNHFhc1VrYjExNnZEdFItRFR1RFlqTmpmQ1lPbUNsNUluY0trelFqYkVQckhtWXE2cnB6ZGh3ZnpLTWVZSFEyZ001MlBMVFdWajBxNUVGakFyYWExZU0?oc=5,,,no,yes,true,no,no,validated_not_implemented
Discovered https://news.google.com/rss/articles/CBMiiAFBVV95cUxNXzhkb3h0Z0NHcDZ5YXJ4bS1ta29YME1QOGdfMzNuU3FKbFZubWR2VUZFRU5EaGtSX1B3c1hkazJTMjhiMzVpMFUyd2dqS3d2SzlsZkMzV2szVm1XNnpQWUdRZGp4NkdmMWhQaFc5dEdsaFJ2Yk5GUDJ2SlBaaEFUUjJOUzNYOEdp?oc=5,news.google.com,community,developing_incidents,tier_3,https://news.google.com/rss/articles/CBMiiAFBVV95cUxNXzhkb3h0Z0NHcDZ5YXJ4bS1ta29YME1QOGdfMzNuU3FKbFZubWR2VUZFRU5EaGtSX1B3c1hkazJTMjhiMzVpMFUyd2dqS3d2SzlsZkMzV2szVm1XNnpQWUdRZGp4NkdmMWhQaFc5dEdsaFJ2Yk5GUDJ2SlBaaEFUUjJOUzNYOEdp?oc=5,https://news.google.com/rss/articles/CBMiiAFBVV95cUxNXzhkb3h0Z0NHcDZ5YXJ4bS1ta29YME1QOGdfMzNuU3FKbFZubWR2VUZFRU5EaGtSX1B3c1hkazJTMjhiMzVpMFUyd2dqS3d2SzlsZkMzV2szVm1XNnpQWUdRZGp4NkdmMWhQaFc5dEdsaFJ2Yk5GUDJ2SlBaaEFUUjJOUzNYOEdp?oc=5,,,no,yes,true,no,no,validated_not_implemented
Discovered https://news.google.com/rss/articles/CBMiiAFBVV95cUxOUXo4VGFQSmdtQko3T0U2Si15d3dTcjB0V3pIMWxBemVnYmZIbkc5dk9kblg0UmhkLVNSLUxicnVBOEtDVHRWaS1uSkpoSUUxaTAzc19JZXJTN0tXcmtqWlZhYnd1WnBrbWlmODBNU2RxUXl4SU1FVlFSWHQxOGpYWGFHMHFrWlgx?oc=5,news.google.com,community,developing_incidents,tier_3,https://news.google.com/rss/articles/CBMiiAFBVV95cUxOUXo4VGFQSmdtQko3T0U2Si15d3dTcjB0V3pIMWxBemVnYmZIbkc5dk9kblg0UmhkLVNSLUxicnVBOEtDVHRWaS1uSkpoSUUxaTAzc19JZXJTN0tXcmtqWlZhYnd1WnBrbWlmODBNU2RxUXl4SU1FVlFSWHQxOGpYWGFHMHFrWlgx?oc=5,https://news.google.com/rss/articles/CBMiiAFBVV95cUxOUXo4VGFQSmdtQko3T0U2Si15d3dTcjB0V3pIMWxBemVnYmZIbkc5dk9kblg0UmhkLVNSLUxicnVBOEtDVHRWaS1uSkpoSUUxaTAzc19JZXJTN0tXcmtqWlZhYnd1WnBrbWlmODBNU2RxUXl4SU1FVlFSWHQxOGpYWGFHMHFrWlgx?oc=5,,,no,yes,true,no,no,validated_not_implemented
Discovered https://news.google.com/rss/articles/CBMiiAFBVV95cUxQM0NKMXlZNHVkWHB3NDF6MzZVckhSaHlYUnlCbC1wcjVxUk9Za1RoRGJvc2c4LVZFM3hlcEFtMjBIUUpzYThsYlEtRXBMVzBFb0wwZ1JNV2NFbVRrVXVJX1h6VG5MYllVQU9xaUltakNOYVcyUjE2UV9uYjU2eWMyRmF0dEtVc25J?oc=5,news.google.com,community,developing_incidents,tier_3,https://news.google.com/rss/articles/CBMiiAFBVV95cUxQM0NKMXlZNHVkWHB3NDF6MzZVckhSaHlYUnlCbC1wcjVxUk9Za1RoRGJvc2c4LVZFM3hlcEFtMjBIUUpzYThsYlEtRXBMVzBFb0wwZ1JNV2NFbVRrVXVJX1h6VG5MYllVQU9xaUltakNOYVcyUjE2UV9uYjU2eWMyRmF0dEtVc25J?oc=5,https://news.google.com/rss/articles/CBMiiAFBVV95cUxQM0NKMXlZNHVkWHB3NDF6MzZVckhSaHlYUnlCbC1wcjVxUk9Za1RoRGJvc2c4LVZFM3hlcEFtMjBIUUpzYThsYlEtRXBMVzBFb0wwZ1JNV2NFbVRrVXVJX1h6VG5MYllVQU9xaUltakNOYVcyUjE2UV9uYjU2eWMyRmF0dEtVc25J?oc=5,,,no,yes,true,no,no,validated_not_implemented
Discovered https://news.google.com/rss/articles/CBMiiAFBVV95cUxQMlUyc1N2ZGo0RGxMVlBNWDF2R0o2akprRl9sVmd2ODZMZWFiVU9MSndRMmxWLXhMZGZvS2VUUkJfbnhub3A5UlZ2bFNkRDg2NWFPenlvSzNVb2FWT2h1ZDVHdkdWQ0dtVm1YdW9GZnNiSm9rVEZCYmRfUjBrTjRaZTVyOVREeGl0?oc=5,news.google.com,community,developing_incidents,tier_3,https://news.google.com/rss/articles/CBMiiAFBVV95cUxQMlUyc1N2ZGo0RGxMVlBNWDF2R0o2akprRl9sVmd2ODZMZWFiVU9MSndRMmxWLXhMZGZvS2VUUkJfbnhub3A5UlZ2bFNkRDg2NWFPenlvSzNVb2FWT2h1ZDVHdkdWQ0dtVm1YdW9GZnNiSm9rVEZCYmRfUjBrTjRaZTVyOVREeGl0?oc=5,https://news.google.com/rss/articles/CBMiiAFBVV95cUxQMlUyc1N2ZGo0RGxMVlBNWDF2R0o2akprRl9sVmd2ODZMZWFiVU9MSndRMmxWLXhMZGZvS2VUUkJfbnhub3A5UlZ2bFNkRDg2NWFPenlvSzNVb2FWT2h1ZDVHdkdWQ0dtVm1YdW9GZnNiSm9rVEZCYmRfUjBrTjRaZTVyOVREeGl0?oc=5,,,no,yes,true,no,no,validated_not_implemented
Discovered https://news.google.com/rss/articles/CBMiigFBVV95cUxOOTY1MW9kbnZzcmFpLWdMN3ZVUHBsbUh5ZVhPOFh1R2hMNkdYVzZfalhSdnduazFyb3JvMjJWQ3VFTE1heHhxWVBRT1dnQVc4elhrRWZBb2VRdzdtajRRQmp4S0xJYVktSlh1eC12VmozckRjTU5jSGFlcUQzanpLb0ZiRUkwNTdwMmc?oc=5,news.google.com,community,developing_incidents,tier_3,https://news.google.com/rss/articles/CBMiigFBVV95cUxOOTY1MW9kbnZzcmFpLWdMN3ZVUHBsbUh5ZVhPOFh1R2hMNkdYVzZfalhSdnduazFyb3JvMjJWQ3VFTE1heHhxWVBRT1dnQVc4elhrRWZBb2VRdzdtajRRQmp4S0xJYVktSlh1eC12VmozckRjTU5jSGFlcUQzanpLb0ZiRUkwNTdwMmc?oc=5,https://news.google.com/rss/articles/CBMiigFBVV95cUxOOTY1MW9kbnZzcmFpLWdMN3ZVUHBsbUh5ZVhPOFh1R2hMNkdYVzZfalhSdnduazFyb3JvMjJWQ3VFTE1heHhxWVBRT1dnQVc4elhrRWZBb2VRdzdtajRRQmp4S0xJYVktSlh1eC12VmozckRjTU5jSGFlcUQzanpLb0ZiRUkwNTdwMmc?oc=5,,,no,yes,true,no,no,validated_not_implemented
Discovered https://news.google.com/rss/articles/CBMiigFBVV95cUxPVUZkNFJIZzdocUhyd2dVRGhYb0UxMkxTUU5xQTZSMmlBQ2tPWnBMeUkyYWxoSXhETVJ6ZUtnZGxEcHl5ZzJXOS1NNkpqdVdxRVc1RDltTVJ4aTdBc0dPN25VQWhKRXlzVjJJUGNkMHhBcm0zRXlkcDJLNkdJb3hPUWFxdlhVWmxYLVE?oc=5,news.google.com,community,developing_incidents,tier_3,https://news.google.com/rss/articles/CBMiigFBVV95cUxPVUZkNFJIZzdocUhyd2dVRGhYb0UxMkxTUU5xQTZSMmlBQ2tPWnBMeUkyYWxoSXhETVJ6ZUtnZGxEcHl5ZzJXOS1NNkpqdVdxRVc1RDltTVJ4aTdBc0dPN25VQWhKRXlzVjJJUGNkMHhBcm0zRXlkcDJLNkdJb3hPUWFxdlhVWmxYLVE?oc=5,https://news.google.com/rss/articles/CBMiigFBVV95cUxPVUZkNFJIZzdocUhyd2dVRGhYb0UxMkxTUU5xQTZSMmlBQ2tPWnBMeUkyYWxoSXhETVJ6ZUtnZGxEcHl5ZzJXOS1NNkpqdVdxRVc1RDltTVJ4aTdBc0dPN25VQWhKRXlzVjJJUGNkMHhBcm0zRXlkcDJLNkdJb3hPUWFxdlhVWmxYLVE?oc=5,,,no,yes,true,no,no,validated_not_implemented
Discovered https://news.google.com/rss/articles/CBMiigFBVV95cUxQRXNkWmZFZkdPSG1DYUwzRVlnbzJHTGRuSUFYcGxHNG9RNm1sUWVMekNGSHA4ZFVLWnI4ZXJKQmhQMHBJRXpNM1VuUHNFQno2WnNsRDhnWjNRYmEtVldsUTlmWEVNWUZTbEpUcTBHSmRWOGlEb1lqRjl4b002S211Y3lkSjNZclRHOVE?oc=5,news.google.com,community,developing_incidents,tier_3,https://news.google.com/rss/articles/CBMiigFBVV95cUxQRXNkWmZFZkdPSG1DYUwzRVlnbzJHTGRuSUFYcGxHNG9RNm1sUWVMekNGSHA4ZFVLWnI4ZXJKQmhQMHBJRXpNM1VuUHNFQno2WnNsRDhnWjNRYmEtVldsUTlmWEVNWUZTbEpUcTBHSmRWOGlEb1lqRjl4b002S211Y3lkSjNZclRHOVE?oc=5,https://news.google.com/rss/articles/CBMiigFBVV95cUxQRXNkWmZFZkdPSG1DYUwzRVlnbzJHTGRuSUFYcGxHNG9RNm1sUWVMekNGSHA4ZFVLWnI4ZXJKQmhQMHBJRXpNM1VuUHNFQno2WnNsRDhnWjNRYmEtVldsUTlmWEVNWUZTbEpUcTBHSmRWOGlEb1lqRjl4b002S211Y3lkSjNZclRHOVE?oc=5,,,no,yes,true,no,no,validated_not_implemented
Discovered https://news.google.com/rss/articles/CBMijAFBVV95cUxOZk13Snc1b1RSNmFvYUFLRVJjR1B6NnlxYmFzc0txNmI2SlpFRWowbnJJZVEzREJFSDlYMnp5MEJiREtjYmJ3djMwU3pnMTBSS0hJd2JfWEUyc0c0TEpXZUZWLVppaEJUSlNoZ282WGdFYnVHMEMtdmNZVm5xQUVRdmtxRjdLd0VEMkw0dQ?oc=5,news.google.com,community,developing_incidents,tier_3,https://news.google.com/rss/articles/CBMijAFBVV95cUxOZk13Snc1b1RSNmFvYUFLRVJjR1B6NnlxYmFzc0txNmI2SlpFRWowbnJJZVEzREJFSDlYMnp5MEJiREtjYmJ3djMwU3pnMTBSS0hJd2JfWEUyc0c0TEpXZUZWLVppaEJUSlNoZ282WGdFYnVHMEMtdmNZVm5xQUVRdmtxRjdLd0VEMkw0dQ?oc=5,https://news.google.com/rss/articles/CBMijAFBVV95cUxOZk13Snc1b1RSNmFvYUFLRVJjR1B6NnlxYmFzc0txNmI2SlpFRWowbnJJZVEzREJFSDlYMnp5MEJiREtjYmJ3djMwU3pnMTBSS0hJd2JfWEUyc0c0TEpXZUZWLVppaEJUSlNoZ282WGdFYnVHMEMtdmNZVm5xQUVRdmtxRjdLd0VEMkw0dQ?oc=5,,,no,yes,true,no,no,validated_not_implemented
Discovered https://news.google.com/rss/articles/CBMijAFBVV95cUxPR1duQk9VMlVQbzhrRmwzWHE5cHoxdFp5ZE0zeDhjWEtDYm9qMVR1dmNYa2VmMlZqMFBYbmpKYVlfelAwSWZ2LXFQLVBfT2p0YTdUQTFOS0tTZkxVRVdUZnppMGNNSzZCaTRTWkp1Wmw3eDlzanpoS2JXQ3pNdDNLRFF1RlVIdG9rS29vdg?oc=5,news.google.com,community,developing_incidents,tier_3,https://news.google.com/rss/articles/CBMijAFBVV95cUxPR1duQk9VMlVQbzhrRmwzWHE5cHoxdFp5ZE0zeDhjWEtDYm9qMVR1dmNYa2VmMlZqMFBYbmpKYVlfelAwSWZ2LXFQLVBfT2p0YTdUQTFOS0tTZkxVRVdUZnppMGNNSzZCaTRTWkp1Wmw3eDlzanpoS2JXQ3pNdDNLRFF1RlVIdG9rS29vdg?oc=5,https://news.google.com/rss/articles/CBMijAFBVV95cUxPR1duQk9VMlVQbzhrRmwzWHE5cHoxdFp5ZE0zeDhjWEtDYm9qMVR1dmNYa2VmMlZqMFBYbmpKYVlfelAwSWZ2LXFQLVBfT2p0YTdUQTFOS0tTZkxVRVdUZnppMGNNSzZCaTRTWkp1Wmw3eDlzanpoS2JXQ3pNdDNLRFF1RlVIdG9rS29vdg?oc=5,,,no,yes,true,no,no,validated_not_implemented
Discovered https://news.google.com/rss/articles/CBMijAFBVV95cUxQWDdhOV9TT2FXQVVPZkxJZWhBbDE4M3ZTRF9vUm4zRU9rOElnbm9LeTltMjlTaWdockQtYWtmZ0Z6VDMzb3otTVFGTXFDTUJMM09GUU9kT0xidG56Qk9mYi1RaF9ZRHZSR1U5TGEtRXdXZndROFAyeGFjX19QQmx2Yk9nMGczUE1yQlVIRw?oc=5,news.google.com,community,developing_incidents,tier_3,https://news.google.com/rss/articles/CBMijAFBVV95cUxQWDdhOV9TT2FXQVVPZkxJZWhBbDE4M3ZTRF9vUm4zRU9rOElnbm9LeTltMjlTaWdockQtYWtmZ0Z6VDMzb3otTVFGTXFDTUJMM09GUU9kT0xidG56Qk9mYi1RaF9ZRHZSR1U5TGEtRXdXZndROFAyeGFjX19QQmx2Yk9nMGczUE1yQlVIRw?oc=5,https://news.google.com/rss/articles/CBMijAFBVV95cUxQWDdhOV9TT2FXQVVPZkxJZWhBbDE4M3ZTRF9vUm4zRU9rOElnbm9LeTltMjlTaWdockQtYWtmZ0Z6VDMzb3otTVFGTXFDTUJMM09GUU9kT0xidG56Qk9mYi1RaF9ZRHZSR1U5TGEtRXdXZndROFAyeGFjX19QQmx2Yk9nMGczUE1yQlVIRw?oc=5,,,no,yes,true,no,no,validated_not_implemented
Discovered https://news.google.com/rss/articles/CBMijgFBVV95cUxNUnFERGtFUEYwQWZMR3hIVzFINnE4ZnUwZ0NzaFJqaGhsOVI2dGJrVWJVWUR2ZmtNZE4yU1BPLS11cndNVThBQVdMUFBTYkJKSFk2T3dmZ2pmSWh6dHVocjR1OXpfRExwbVNHYUctM2R2SHFDTHpCZmdnS20zbldKMzZQZHpZMDVHSExlaUhn?oc=5,news.google.com,community,developing_incidents,tier_3,https://news.google.com/rss/articles/CBMijgFBVV95cUxNUnFERGtFUEYwQWZMR3hIVzFINnE4ZnUwZ0NzaFJqaGhsOVI2dGJrVWJVWUR2ZmtNZE4yU1BPLS11cndNVThBQVdMUFBTYkJKSFk2T3dmZ2pmSWh6dHVocjR1OXpfRExwbVNHYUctM2R2SHFDTHpCZmdnS20zbldKMzZQZHpZMDVHSExlaUhn?oc=5,https://news.google.com/rss/articles/CBMijgFBVV95cUxNUnFERGtFUEYwQWZMR3hIVzFINnE4ZnUwZ0NzaFJqaGhsOVI2dGJrVWJVWUR2ZmtNZE4yU1BPLS11cndNVThBQVdMUFBTYkJKSFk2T3dmZ2pmSWh6dHVocjR1OXpfRExwbVNHYUctM2R2SHFDTHpCZmdnS20zbldKMzZQZHpZMDVHSExlaUhn?oc=5,,,no,yes,true,no,no,validated_not_implemented
Discovered https://news.google.com/rss/articles/CBMijgFBVV95cUxPQnFBY0k4YkRuYW1NMDRQRXRnZWFwOEV5VTdoNW4yRlpHR3hxT1NZNVkyQWFvS2NHZXRRZFIzM1dsZHQyQm1taUtWRHlIRHU4QmY0cU5zVmhBbTZQanZvMWZDX2E5ekxzdUo5R3cycmtiNWZKc2JyV0ZPTm9YellpNVJLQlZzTEZDQV96ekFB?oc=5,news.google.com,community,developing_incidents,tier_3,https://news.google.com/rss/articles/CBMijgFBVV95cUxPQnFBY0k4YkRuYW1NMDRQRXRnZWFwOEV5VTdoNW4yRlpHR3hxT1NZNVkyQWFvS2NHZXRRZFIzM1dsZHQyQm1taUtWRHlIRHU4QmY0cU5zVmhBbTZQanZvMWZDX2E5ekxzdUo5R3cycmtiNWZKc2JyV0ZPTm9YellpNVJLQlZzTEZDQV96ekFB?oc=5,https://news.google.com/rss/articles/CBMijgFBVV95cUxPQnFBY0k4YkRuYW1NMDRQRXRnZWFwOEV5VTdoNW4yRlpHR3hxT1NZNVkyQWFvS2NHZXRRZFIzM1dsZHQyQm1taUtWRHlIRHU4QmY0cU5zVmhBbTZQanZvMWZDX2E5ekxzdUo5R3cycmtiNWZKc2JyV0ZPTm9YellpNVJLQlZzTEZDQV96ekFB?oc=5,,,no,yes,true,no,no,validated_not_implemented
Discovered https://news.google.com/rss/articles/CBMijwFBVV95cUxONXZSd3p5em9OS2dnbzJtSTBTbzlBUS02TjM4WnpoU24zV0gxSGVkYU5oRVk1alRqYi1rRHhxQWJZaXNJUzJWMldwMDVTclo2UWxHZGRlS2hXd3J3RXd2UGU4SXJFV0RNTkFabmZscF92WGFSWmo3d0FMWWpMdGpPRldzV3p4SEMwbGZHcVZmWQ?oc=5,news.google.com,community,developing_incidents,tier_3,https://news.google.com/rss/articles/CBMijwFBVV95cUxONXZSd3p5em9OS2dnbzJtSTBTbzlBUS02TjM4WnpoU24zV0gxSGVkYU5oRVk1alRqYi1rRHhxQWJZaXNJUzJWMldwMDVTclo2UWxHZGRlS2hXd3J3RXd2UGU4SXJFV0RNTkFabmZscF92WGFSWmo3d0FMWWpMdGpPRldzV3p4SEMwbGZHcVZmWQ?oc=5,https://news.google.com/rss/articles/CBMijwFBVV95cUxONXZSd3p5em9OS2dnbzJtSTBTbzlBUS02TjM4WnpoU24zV0gxSGVkYU5oRVk1alRqYi1rRHhxQWJZaXNJUzJWMldwMDVTclo2UWxHZGRlS2hXd3J3RXd2UGU4SXJFV0RNTkFabmZscF92WGFSWmo3d0FMWWpMdGpPRldzV3p4SEMwbGZHcVZmWQ?oc=5,,,no,yes,true,no,no,validated_not_implemented
Discovered https://news.google.com/rss/articles/CBMijwFBVV95cUxQTmxaMVpMdHE3aEJHYThrZUhzMEpRdDVsR3FfTjNBU29tM0lhWDZaZXF1NVFvajJPSXF0ZG4zUmxjbFJydVF2TWFBb0QyM05lbm9QeENvTWRIR0RCX1kxZVJ2elFLMm16RDJvdGI1YkQ4YVRCeVppOHZrdTd4RUk1dnIyRWl1eU5URXc3dDJfcw?oc=5,news.google.com,community,developing_incidents,tier_3,https://news.google.com/rss/articles/CBMijwFBVV95cUxQTmxaMVpMdHE3aEJHYThrZUhzMEpRdDVsR3FfTjNBU29tM0lhWDZaZXF1NVFvajJPSXF0ZG4zUmxjbFJydVF2TWFBb0QyM05lbm9QeENvTWRIR0RCX1kxZVJ2elFLMm16RDJvdGI1YkQ4YVRCeVppOHZrdTd4RUk1dnIyRWl1eU5URXc3dDJfcw?oc=5,https://news.google.com/rss/articles/CBMijwFBVV95cUxQTmxaMVpMdHE3aEJHYThrZUhzMEpRdDVsR3FfTjNBU29tM0lhWDZaZXF1NVFvajJPSXF0ZG4zUmxjbFJydVF2TWFBb0QyM05lbm9QeENvTWRIR0RCX1kxZVJ2elFLMm16RDJvdGI1YkQ4YVRCeVppOHZrdTd4RUk1dnIyRWl1eU5URXc3dDJfcw?oc=5,,,no,yes,true,no,no,validated_not_implemented
Discovered https://news.google.com/rss/articles/CBMijwFBVV95cUxQUnV2a2dCdlh3R3VXbjNsM2Uwd0ZVdVZ1bl9LMjVHOXVuMDhMd2J1bU1zbnZ2M1pXMFVZQVNnWFpVTVdTVGJ6VlhGTHFWZkRpb1ZIVngtTjdSeG0zNjJaYUJYcl9tSkRhSWdKSE14SFRmTzlaQWg2aVVTSGctN0xld0IzRmUtcHlsNFI0N252WQ?oc=5,news.google.com,community,developing_incidents,tier_3,https://news.google.com/rss/articles/CBMijwFBVV95cUxQUnV2a2dCdlh3R3VXbjNsM2Uwd0ZVdVZ1bl9LMjVHOXVuMDhMd2J1bU1zbnZ2M1pXMFVZQVNnWFpVTVdTVGJ6VlhGTHFWZkRpb1ZIVngtTjdSeG0zNjJaYUJYcl9tSkRhSWdKSE14SFRmTzlaQWg2aVVTSGctN0xld0IzRmUtcHlsNFI0N252WQ?oc=5,https://news.google.com/rss/articles/CBMijwFBVV95cUxQUnV2a2dCdlh3R3VXbjNsM2Uwd0ZVdVZ1bl9LMjVHOXVuMDhMd2J1bU1zbnZ2M1pXMFVZQVNnWFpVTVdTVGJ6VlhGTHFWZkRpb1ZIVngtTjdSeG0zNjJaYUJYcl9tSkRhSWdKSE14SFRmTzlaQWg2aVVTSGctN0xld0IzRmUtcHlsNFI0N252WQ?oc=5,,,no,yes,true,no,no,validated_not_implemented
Discovered https://news.google.com/rss/articles/CBMikAFBVV95cUxNN2RsXzVXbXpWNm9mMWtiVFlUcXU2U0xTWFBIYmNncmhwOExGd1paTE44YnY5ak9fYkxMb25DSWdDOVB4QlhfeHV0NmdNUHVxNTd3aEJla0s4bndVWmx0VmlDWC1PaVMwb1Z1dkNoZTdPeWlXemlUSEJzYXpVM1kweF9mTy10RzdqSXUxc2NEaXM?oc=5,news.google.com,community,developing_incidents,tier_3,https://news.google.com/rss/articles/CBMikAFBVV95cUxNN2RsXzVXbXpWNm9mMWtiVFlUcXU2U0xTWFBIYmNncmhwOExGd1paTE44YnY5ak9fYkxMb25DSWdDOVB4QlhfeHV0NmdNUHVxNTd3aEJla0s4bndVWmx0VmlDWC1PaVMwb1Z1dkNoZTdPeWlXemlUSEJzYXpVM1kweF9mTy10RzdqSXUxc2NEaXM?oc=5,https://news.google.com/rss/articles/CBMikAFBVV95cUxNN2RsXzVXbXpWNm9mMWtiVFlUcXU2U0xTWFBIYmNncmhwOExGd1paTE44YnY5ak9fYkxMb25DSWdDOVB4QlhfeHV0NmdNUHVxNTd3aEJla0s4bndVWmx0VmlDWC1PaVMwb1Z1dkNoZTdPeWlXemlUSEJzYXpVM1kweF9mTy10RzdqSXUxc2NEaXM?oc=5,,,no,yes,true,no,no,validated_not_implemented
Discovered https://news.google.com/rss/articles/CBMikgFBVV95cUxNQmphZGJFV0NFd0twcm1YcVQxVE11aDdiV1Y2YWxYMmh5LU5iNzQ0MlZfVlktNFZhdlJpNGNHcGhGQ2ZBMXQzNVlJODZCRGdPLXJxSWtBaGdqc3o4YmNqb0ppQWtuYkFCWU4wWWtHREtEVUROeWxwZEZZSF9sbVJORXpQd1U5czRESGI2bnNPZGtpQQ?oc=5,news.google.com,community,developing_incidents,tier_3,https://news.google.com/rss/articles/CBMikgFBVV95cUxNQmphZGJFV0NFd0twcm1YcVQxVE11aDdiV1Y2YWxYMmh5LU5iNzQ0MlZfVlktNFZhdlJpNGNHcGhGQ2ZBMXQzNVlJODZCRGdPLXJxSWtBaGdqc3o4YmNqb0ppQWtuYkFCWU4wWWtHREtEVUROeWxwZEZZSF9sbVJORXpQd1U5czRESGI2bnNPZGtpQQ?oc=5,https://news.google.com/rss/articles/CBMikgFBVV95cUxNQmphZGJFV0NFd0twcm1YcVQxVE11aDdiV1Y2YWxYMmh5LU5iNzQ0MlZfVlktNFZhdlJpNGNHcGhGQ2ZBMXQzNVlJODZCRGdPLXJxSWtBaGdqc3o4YmNqb0ppQWtuYkFCWU4wWWtHREtEVUROeWxwZEZZSF9sbVJORXpQd1U5czRESGI2bnNPZGtpQQ?oc=5,,,no,yes,true,no,no,validated_not_implemented
Discovered https://news.google.com/rss/articles/CBMikgFBVV95cUxNZEY0eEtLX0lXX2txckhfVTdwOExQRUZqMUF3M0dXVEtjVmFuX2NLNjloYkdZa3cxbGoyWUhzQkp1S3A3UFhWU1dDcHJnS01OMmgyLU9NWGJ5aEdyNTZTVU5EdzhZZjUxdlRPbWtpVGZHbXhEVndJRkswNjdDQjhaYzBKTjhEYmc2cm1TbXRtR25UUQ?oc=5,news.google.com,community,developing_incidents,tier_3,https://news.google.com/rss/articles/CBMikgFBVV95cUxNZEY0eEtLX0lXX2txckhfVTdwOExQRUZqMUF3M0dXVEtjVmFuX2NLNjloYkdZa3cxbGoyWUhzQkp1S3A3UFhWU1dDcHJnS01OMmgyLU9NWGJ5aEdyNTZTVU5EdzhZZjUxdlRPbWtpVGZHbXhEVndJRkswNjdDQjhaYzBKTjhEYmc2cm1TbXRtR25UUQ?oc=5,https://news.google.com/rss/articles/CBMikgFBVV95cUxNZEY0eEtLX0lXX2txckhfVTdwOExQRUZqMUF3M0dXVEtjVmFuX2NLNjloYkdZa3cxbGoyWUhzQkp1S3A3UFhWU1dDcHJnS01OMmgyLU9NWGJ5aEdyNTZTVU5EdzhZZjUxdlRPbWtpVGZHbXhEVndJRkswNjdDQjhaYzBKTjhEYmc2cm1TbXRtR25UUQ?oc=5,,,no,yes,true,no,no,validated_not_implemented
Discovered https://news.google.com/rss/articles/CBMikgFBVV95cUxQYURWNFk5cFY2ek13WFBYZFBHdDRacUZ5cjZpZ2NVNXFIdlVsVUxFbnl5S1B1Y19MQ2ZVTG5lMDVZMmJJamVfMWVyS1g4OHJNQkNhbDhUV25JczU3MjBBMXNyUzNVSXFaLVVGTGJtNjIzclBOTy0yem5UY3RHVVZjemxQVXdqeHRqbmp2emJBTGMwdw?oc=5,news.google.com,community,developing_incidents,tier_3,https://news.google.com/rss/articles/CBMikgFBVV95cUxQYURWNFk5cFY2ek13WFBYZFBHdDRacUZ5cjZpZ2NVNXFIdlVsVUxFbnl5S1B1Y19MQ2ZVTG5lMDVZMmJJamVfMWVyS1g4OHJNQkNhbDhUV25JczU3MjBBMXNyUzNVSXFaLVVGTGJtNjIzclBOTy0yem5UY3RHVVZjemxQVXdqeHRqbmp2emJBTGMwdw?oc=5,https://news.google.com/rss/articles/CBMikgFBVV95cUxQYURWNFk5cFY2ek13WFBYZFBHdDRacUZ5cjZpZ2NVNXFIdlVsVUxFbnl5S1B1Y19MQ2ZVTG5lMDVZMmJJamVfMWVyS1g4OHJNQkNhbDhUV25JczU3MjBBMXNyUzNVSXFaLVVGTGJtNjIzclBOTy0yem5UY3RHVVZjemxQVXdqeHRqbmp2emJBTGMwdw?oc=5,,,no,yes,true,no,no,validated_not_implemented
Discovered https://news.google.com/rss/articles/CBMikwFBVV95cUxNUW0xWXkyWlRDSmhZYVV0QWh1aEhMR29vbG1IZmk4TzBxVTllTW1rTlkzSy1vSVU2cFJBTHd3TDhvSzJOOHI4N0xCal9kM3NreEM2Vm5UelZoUXVCYmFzcjJTWnMwZEYzTjBVenl6YWZPUndYSk9TQ3dQaVA4VmY5Zk1BbkNtUmt4WF9XUWc4bDFtVWc?oc=5,news.google.com,community,developing_incidents,tier_3,https://news.google.com/rss/articles/CBMikwFBVV95cUxNUW0xWXkyWlRDSmhZYVV0QWh1aEhMR29vbG1IZmk4TzBxVTllTW1rTlkzSy1vSVU2cFJBTHd3TDhvSzJOOHI4N0xCal9kM3NreEM2Vm5UelZoUXVCYmFzcjJTWnMwZEYzTjBVenl6YWZPUndYSk9TQ3dQaVA4VmY5Zk1BbkNtUmt4WF9XUWc4bDFtVWc?oc=5,https://news.google.com/rss/articles/CBMikwFBVV95cUxNUW0xWXkyWlRDSmhZYVV0QWh1aEhMR29vbG1IZmk4TzBxVTllTW1rTlkzSy1vSVU2cFJBTHd3TDhvSzJOOHI4N0xCal9kM3NreEM2Vm5UelZoUXVCYmFzcjJTWnMwZEYzTjBVenl6YWZPUndYSk9TQ3dQaVA4VmY5Zk1BbkNtUmt4WF9XUWc4bDFtVWc?oc=5,,,no,yes,true,no,no,validated_not_implemented
Discovered https://news.google.com/rss/articles/CBMikwFBVV95cUxPam9qc2h5ZzE2eVFCTllBNDhtdEhvYXFyOHQzREVZdjY5WmtlbFR6d3VTSllkb0xzeFVFaVNhV0hVMWJnLXBfUUdqemQ1WHIydm9xOFFZY1JxN09JZXdRbkpXd3ZSczI4bGs3NGIyLTBLLXNyb1AyczFFT0FsQWozVmJvLXBySXlpLXRUT1cyaktnM3c?oc=5,news.google.com,community,developing_incidents,tier_3,https://news.google.com/rss/articles/CBMikwFBVV95cUxPam9qc2h5ZzE2eVFCTllBNDhtdEhvYXFyOHQzREVZdjY5WmtlbFR6d3VTSllkb0xzeFVFaVNhV0hVMWJnLXBfUUdqemQ1WHIydm9xOFFZY1JxN09JZXdRbkpXd3ZSczI4bGs3NGIyLTBLLXNyb1AyczFFT0FsQWozVmJvLXBySXlpLXRUT1cyaktnM3c?oc=5,https://news.google.com/rss/articles/CBMikwFBVV95cUxPam9qc2h5ZzE2eVFCTllBNDhtdEhvYXFyOHQzREVZdjY5WmtlbFR6d3VTSllkb0xzeFVFaVNhV0hVMWJnLXBfUUdqemQ1WHIydm9xOFFZY1JxN09JZXdRbkpXd3ZSczI4bGs3NGIyLTBLLXNyb1AyczFFT0FsQWozVmJvLXBySXlpLXRUT1cyaktnM3c?oc=5,,,no,yes,true,no,no,validated_not_implemented
Discovered https://news.google.com/rss/articles/CBMikwFBVV95cUxQeVh6Snk4X3JDSzhsWWlFMUhOVUVPVUlsLU9fbTFBRXlDYzVVZWZfaTdmMkVrdk9GcU8tN3YwbUluNjkwWXpGZG5WOXUzUWktMEVaRjdIQzR2cjZMMlBwaU9VNVVRSEhqaWZvVk9Oekl1b0xtcW5xSFN2UHBYTENmX29sUG9VTXhaenVFeXFOa1dYMkU?oc=5,news.google.com,community,developing_incidents,tier_3,https://news.google.com/rss/articles/CBMikwFBVV95cUxQeVh6Snk4X3JDSzhsWWlFMUhOVUVPVUlsLU9fbTFBRXlDYzVVZWZfaTdmMkVrdk9GcU8tN3YwbUluNjkwWXpGZG5WOXUzUWktMEVaRjdIQzR2cjZMMlBwaU9VNVVRSEhqaWZvVk9Oekl1b0xtcW5xSFN2UHBYTENmX29sUG9VTXhaenVFeXFOa1dYMkU?oc=5,https://news.google.com/rss/articles/CBMikwFBVV95cUxQeVh6Snk4X3JDSzhsWWlFMUhOVUVPVUlsLU9fbTFBRXlDYzVVZWZfaTdmMkVrdk9GcU8tN3YwbUluNjkwWXpGZG5WOXUzUWktMEVaRjdIQzR2cjZMMlBwaU9VNVVRSEhqaWZvVk9Oekl1b0xtcW5xSFN2UHBYTENmX29sUG9VTXhaenVFeXFOa1dYMkU?oc=5,,,no,yes,true,no,no,validated_not_implemented
Discovered https://news.google.com/rss/articles/CBMilAFBVV95cUxOTzNZNTJpUlBLQ0Y1el92WENUUS1GTDBrOUZydHR4UFF3X2p1YVhKYTRhRlFLelpKTEQyTmRVR2VpNXYxTFFfczJTb0E5YnlfRFJtekFIV09fLWdTNExBb041S2Niblp4QXRuSGlncjdaREk4YnpvVS1iMG9GN0p3c2hFZWFrLUhqTUxyTm45MWhjWnhK?oc=5,news.google.com,community,developing_incidents,tier_3,https://news.google.com/rss/articles/CBMilAFBVV95cUxOTzNZNTJpUlBLQ0Y1el92WENUUS1GTDBrOUZydHR4UFF3X2p1YVhKYTRhRlFLelpKTEQyTmRVR2VpNXYxTFFfczJTb0E5YnlfRFJtekFIV09fLWdTNExBb041S2Niblp4QXRuSGlncjdaREk4YnpvVS1iMG9GN0p3c2hFZWFrLUhqTUxyTm45MWhjWnhK?oc=5,https://news.google.com/rss/articles/CBMilAFBVV95cUxOTzNZNTJpUlBLQ0Y1el92WENUUS1GTDBrOUZydHR4UFF3X2p1YVhKYTRhRlFLelpKTEQyTmRVR2VpNXYxTFFfczJTb0E5YnlfRFJtekFIV09fLWdTNExBb041S2Niblp4QXRuSGlncjdaREk4YnpvVS1iMG9GN0p3c2hFZWFrLUhqTUxyTm45MWhjWnhK?oc=5,,,no,yes,true,no,no,validated_not_implemented
Discovered https://news.google.com/rss/articles/CBMilAFBVV95cUxPOTJlaXlfdWlVQlJpWlBpNE9LRmxwR0tNb21JMlhUajU0TUlvX3RIcGEwSW9zUkVual9EZzU1SUx6ZndoY2dpd005RkJxSXI1bG4xTHBIemZadmRFWFBxdGlEbGs0eEI3RHp6NUFDeDh6VmhxS3QxbWkzWjVIRXBwVWRzYXlHTnFIV18wLVpmNmFuQTFQ?oc=5,news.google.com,community,developing_incidents,tier_3,https://news.google.com/rss/articles/CBMilAFBVV95cUxPOTJlaXlfdWlVQlJpWlBpNE9LRmxwR0tNb21JMlhUajU0TUlvX3RIcGEwSW9zUkVual9EZzU1SUx6ZndoY2dpd005RkJxSXI1bG4xTHBIemZadmRFWFBxdGlEbGs0eEI3RHp6NUFDeDh6VmhxS3QxbWkzWjVIRXBwVWRzYXlHTnFIV18wLVpmNmFuQTFQ?oc=5,https://news.google.com/rss/articles/CBMilAFBVV95cUxPOTJlaXlfdWlVQlJpWlBpNE9LRmxwR0tNb21JMlhUajU0TUlvX3RIcGEwSW9zUkVual9EZzU1SUx6ZndoY2dpd005RkJxSXI1bG4xTHBIemZadmRFWFBxdGlEbGs0eEI3RHp6NUFDeDh6VmhxS3QxbWkzWjVIRXBwVWRzYXlHTnFIV18wLVpmNmFuQTFQ?oc=5,,,no,yes,true,no,no,validated_not_implemented
Discovered https://news.google.com/rss/articles/CBMilgFBVV95cUxNSW96N1BuVEgwdmJEMlYzdEVJcWdTbG5ZZUQ4eDd6M09vMTN5c0RTa1hzUV9NNEhFeGU2bjVuWnVNLUQ3bnkwZDVOQXFMQ3g1aThQTXJMb2g0eHdtdFByTnZLVGlEaFlnWGJ0UDdPMnBkaXdLQXBiRENSVjZNQUV3enE4bWFJX1VNMWhMaHB4ajFCQjdSSlE?oc=5,news.google.com,community,developing_incidents,tier_3,https://news.google.com/rss/articles/CBMilgFBVV95cUxNSW96N1BuVEgwdmJEMlYzdEVJcWdTbG5ZZUQ4eDd6M09vMTN5c0RTa1hzUV9NNEhFeGU2bjVuWnVNLUQ3bnkwZDVOQXFMQ3g1aThQTXJMb2g0eHdtdFByTnZLVGlEaFlnWGJ0UDdPMnBkaXdLQXBiRENSVjZNQUV3enE4bWFJX1VNMWhMaHB4ajFCQjdSSlE?oc=5,https://news.google.com/rss/articles/CBMilgFBVV95cUxNSW96N1BuVEgwdmJEMlYzdEVJcWdTbG5ZZUQ4eDd6M09vMTN5c0RTa1hzUV9NNEhFeGU2bjVuWnVNLUQ3bnkwZDVOQXFMQ3g1aThQTXJMb2g0eHdtdFByTnZLVGlEaFlnWGJ0UDdPMnBkaXdLQXBiRENSVjZNQUV3enE4bWFJX1VNMWhMaHB4ajFCQjdSSlE?oc=5,,,no,yes,true,no,no,validated_not_implemented
Discovered https://news.google.com/rss/articles/CBMilgFBVV95cUxOM05WZDFZckctVUxfUFZxZVFTT0Ftd1I1cmJfXzZtUzI3RThoMFZrOHFqVWViWVdiRlhLTnpMM05UcVRRaFpmUGZHOWRzMGNfQXhkYU95bnVHSGJscWs4MTJybVAxMUNpSDJSUTU0MWd0aW5IWVZUTHozNFdyN2E0SE1MczNtSkZRbVg1blp6STQyQW5KYWc?oc=5,news.google.com,community,developing_incidents,tier_3,https://news.google.com/rss/articles/CBMilgFBVV95cUxOM05WZDFZckctVUxfUFZxZVFTT0Ftd1I1cmJfXzZtUzI3RThoMFZrOHFqVWViWVdiRlhLTnpMM05UcVRRaFpmUGZHOWRzMGNfQXhkYU95bnVHSGJscWs4MTJybVAxMUNpSDJSUTU0MWd0aW5IWVZUTHozNFdyN2E0SE1MczNtSkZRbVg1blp6STQyQW5KYWc?oc=5,https://news.google.com/rss/articles/CBMilgFBVV95cUxOM05WZDFZckctVUxfUFZxZVFTT0Ftd1I1cmJfXzZtUzI3RThoMFZrOHFqVWViWVdiRlhLTnpMM05UcVRRaFpmUGZHOWRzMGNfQXhkYU95bnVHSGJscWs4MTJybVAxMUNpSDJSUTU0MWd0aW5IWVZUTHozNFdyN2E0SE1MczNtSkZRbVg1blp6STQyQW5KYWc?oc=5,,,no,yes,true,no,no,validated_not_implemented
Discovered https://news.google.com/rss/articles/CBMilgFBVV95cUxOcW1yMnhvMnM2TGx1OGd3c2RacTl3TTNvMzdURjVjRUZ5eXFfb1IxSHE0dTUzMF9nOHIwY1BHQk5ONm0zcGhYY1JlWkVQSUMyZ21TZWdKV1pudURXczlFdk5YX1pFUTN6RlFmczYwcjV3azBabVhCMzFld2pqczRVWDl1TlZYOTRlR0NMY3dHRFBidUFGV3c?oc=5,news.google.com,community,developing_incidents,tier_3,https://news.google.com/rss/articles/CBMilgFBVV95cUxOcW1yMnhvMnM2TGx1OGd3c2RacTl3TTNvMzdURjVjRUZ5eXFfb1IxSHE0dTUzMF9nOHIwY1BHQk5ONm0zcGhYY1JlWkVQSUMyZ21TZWdKV1pudURXczlFdk5YX1pFUTN6RlFmczYwcjV3azBabVhCMzFld2pqczRVWDl1TlZYOTRlR0NMY3dHRFBidUFGV3c?oc=5,https://news.google.com/rss/articles/CBMilgFBVV95cUxOcW1yMnhvMnM2TGx1OGd3c2RacTl3TTNvMzdURjVjRUZ5eXFfb1IxSHE0dTUzMF9nOHIwY1BHQk5ONm0zcGhYY1JlWkVQSUMyZ21TZWdKV1pudURXczlFdk5YX1pFUTN6RlFmczYwcjV3azBabVhCMzFld2pqczRVWDl1TlZYOTRlR0NMY3dHRFBidUFGV3c?oc=5,,,no,yes,true,no,no,validated_not_implemented
Discovered https://news.google.com/rss/articles/CBMilwFBVV95cUxPbHBnanlyWmVFTUdXeUZYRDhJOHZrMjA3enlCTjVJekNBSXN5V1lidDZleHp3cjlrejlPWXhwSlB2VEpUcjIzS0J4dUltQjVfMS15czE0b05XcUc3WHVqeGNhTjM2U1JCXzN1Zy1sX29mdzY5UG5JeDQ0ak5KdWo4c3dreVZMZnlBendHNDJpVUE2TUVvaW5n?oc=5,news.google.com,community,developing_incidents,tier_3,https://news.google.com/rss/articles/CBMilwFBVV95cUxPbHBnanlyWmVFTUdXeUZYRDhJOHZrMjA3enlCTjVJekNBSXN5V1lidDZleHp3cjlrejlPWXhwSlB2VEpUcjIzS0J4dUltQjVfMS15czE0b05XcUc3WHVqeGNhTjM2U1JCXzN1Zy1sX29mdzY5UG5JeDQ0ak5KdWo4c3dreVZMZnlBendHNDJpVUE2TUVvaW5n?oc=5,https://news.google.com/rss/articles/CBMilwFBVV95cUxPbHBnanlyWmVFTUdXeUZYRDhJOHZrMjA3enlCTjVJekNBSXN5V1lidDZleHp3cjlrejlPWXhwSlB2VEpUcjIzS0J4dUltQjVfMS15czE0b05XcUc3WHVqeGNhTjM2U1JCXzN1Zy1sX29mdzY5UG5JeDQ0ak5KdWo4c3dreVZMZnlBendHNDJpVUE2TUVvaW5n?oc=5,,,no,yes,true,no,no,validated_not_implemented
Discovered https://news.google.com/rss/articles/CBMimAFBVV95cUxNbTRwaWUyRE1SM0Y4ZE5zSXctLWd5SmpLdFFmQ3F4Sk92ay1xX3dqbmFIbkh5OUJDT0VXODlDWDdYbHRMLVpkYmdybEhsSllvS2h0MU9JY2JYUlNWSl94c0M5VHF2bmVJMmtiVE9zSVgtd3BaSHhkdnQwLVFsX3pPYkkzTGl4SXl4WUk3UGVUb3dWNHFlZjM1cw?oc=5,news.google.com,community,developing_incidents,tier_3,https://news.google.com/rss/articles/CBMimAFBVV95cUxNbTRwaWUyRE1SM0Y4ZE5zSXctLWd5SmpLdFFmQ3F4Sk92ay1xX3dqbmFIbkh5OUJDT0VXODlDWDdYbHRMLVpkYmdybEhsSllvS2h0MU9JY2JYUlNWSl94c0M5VHF2bmVJMmtiVE9zSVgtd3BaSHhkdnQwLVFsX3pPYkkzTGl4SXl4WUk3UGVUb3dWNHFlZjM1cw?oc=5,https://news.google.com/rss/articles/CBMimAFBVV95cUxNbTRwaWUyRE1SM0Y4ZE5zSXctLWd5SmpLdFFmQ3F4Sk92ay1xX3dqbmFIbkh5OUJDT0VXODlDWDdYbHRMLVpkYmdybEhsSllvS2h0MU9JY2JYUlNWSl94c0M5VHF2bmVJMmtiVE9zSVgtd3BaSHhkdnQwLVFsX3pPYkkzTGl4SXl4WUk3UGVUb3dWNHFlZjM1cw?oc=5,,,no,yes,true,no,no,validated_not_implemented
Discovered https://news.google.com/rss/articles/CBMimAFBVV95cUxPaUNPS2pqdXdZQlBCTk1oODZYYzE2NXN2TDRpVy1HaFlGTk5oUjdPTENVMUFoN0dTZGw5eTlnaHAwZXFKRXpWQ005ZllkMWFMd1R5NmZCMEZNYUxkUjB6REhxdVkzM01PRW5iTmlzSFpoem5sTEFtZlJjM3laNFpHWFdkaG9JMFVBLXdLZV9GZU9hcVN3S19YTg?oc=5,news.google.com,community,developing_incidents,tier_3,https://news.google.com/rss/articles/CBMimAFBVV95cUxPaUNPS2pqdXdZQlBCTk1oODZYYzE2NXN2TDRpVy1HaFlGTk5oUjdPTENVMUFoN0dTZGw5eTlnaHAwZXFKRXpWQ005ZllkMWFMd1R5NmZCMEZNYUxkUjB6REhxdVkzM01PRW5iTmlzSFpoem5sTEFtZlJjM3laNFpHWFdkaG9JMFVBLXdLZV9GZU9hcVN3S19YTg?oc=5,https://news.google.com/rss/articles/CBMimAFBVV95cUxPaUNPS2pqdXdZQlBCTk1oODZYYzE2NXN2TDRpVy1HaFlGTk5oUjdPTENVMUFoN0dTZGw5eTlnaHAwZXFKRXpWQ005ZllkMWFMd1R5NmZCMEZNYUxkUjB6REhxdVkzM01PRW5iTmlzSFpoem5sTEFtZlJjM3laNFpHWFdkaG9JMFVBLXdLZV9GZU9hcVN3S19YTg?oc=5,,,no,yes,true,no,no,validated_not_implemented
Discovered https://news.google.com/rss/articles/CBMimAFBVV95cUxPazU3MGlpaGxMc3ZJRnpTWXQyY0stMmhVSWxHWUEwRVJRaWNydTVNYmNsZ1VWR3pwbi1SVmFITlRrdGJYcU5mTjg5YjJrd1VEM0d1RnRmZnlxekx2ZUlZTkhaQUpDLWU1Z1kya0JfS2lGcGpXRXR4T0lyMTBDRGNvYkxwU25yQlNKazJBWG5pNnZXVldmRnNhaQ?oc=5,news.google.com,community,developing_incidents,tier_3,https://news.google.com/rss/articles/CBMimAFBVV95cUxPazU3MGlpaGxMc3ZJRnpTWXQyY0stMmhVSWxHWUEwRVJRaWNydTVNYmNsZ1VWR3pwbi1SVmFITlRrdGJYcU5mTjg5YjJrd1VEM0d1RnRmZnlxekx2ZUlZTkhaQUpDLWU1Z1kya0JfS2lGcGpXRXR4T0lyMTBDRGNvYkxwU25yQlNKazJBWG5pNnZXVldmRnNhaQ?oc=5,https://news.google.com/rss/articles/CBMimAFBVV95cUxPazU3MGlpaGxMc3ZJRnpTWXQyY0stMmhVSWxHWUEwRVJRaWNydTVNYmNsZ1VWR3pwbi1SVmFITlRrdGJYcU5mTjg5YjJrd1VEM0d1RnRmZnlxekx2ZUlZTkhaQUpDLWU1Z1kya0JfS2lGcGpXRXR4T0lyMTBDRGNvYkxwU25yQlNKazJBWG5pNnZXVldmRnNhaQ?oc=5,,,no,yes,true,no,no,validated_not_implemented
Discovered https://news.google.com/rss/articles/CBMimAFBVV95cUxQQ01mVlUwWVV6MUZQei03bWlZOW1CU2JUNEFqV25SQm9HbXpFZlpLQThPdWlmb05aWWNIR0pVZ2JWak1paDNRb1Q3V0M4eWtqZVFSelVpbFNQTGpldUVUVVp5LTdWOG5ab0lUNGtPNm9JcUFMTVI2dExEcU5QZnZZWGZadGplcjVPaHFTbDB3QWJLNmExWXVnMg?oc=5,news.google.com,community,developing_incidents,tier_3,https://news.google.com/rss/articles/CBMimAFBVV95cUxQQ01mVlUwWVV6MUZQei03bWlZOW1CU2JUNEFqV25SQm9HbXpFZlpLQThPdWlmb05aWWNIR0pVZ2JWak1paDNRb1Q3V0M4eWtqZVFSelVpbFNQTGpldUVUVVp5LTdWOG5ab0lUNGtPNm9JcUFMTVI2dExEcU5QZnZZWGZadGplcjVPaHFTbDB3QWJLNmExWXVnMg?oc=5,https://news.google.com/rss/articles/CBMimAFBVV95cUxQQ01mVlUwWVV6MUZQei03bWlZOW1CU2JUNEFqV25SQm9HbXpFZlpLQThPdWlmb05aWWNIR0pVZ2JWak1paDNRb1Q3V0M4eWtqZVFSelVpbFNQTGpldUVUVVp5LTdWOG5ab0lUNGtPNm9JcUFMTVI2dExEcU5QZnZZWGZadGplcjVPaHFTbDB3QWJLNmExWXVnMg?oc=5,,,no,yes,true,no,no,validated_not_implemented
Discovered https://news.google.com/rss/articles/CBMimgFBVV95cUxNdUI4QUtSLXhFZ3NjUzJSM3Q5Qi10azkwcFFWbFoxbFRhZGJUY01Mal9lQXdQZDZhQ3ExT2RHc093bFdjcnMySUNFeGlCbWk3R1ZmeWNMYlg0ZTMyRERrekljVW5TdmhCM2RaLXh3dXJZVk9jV3ZBRHl6MmJ5dUpCZmhfZmJNLUJKTk94YnhuZk5IRTVKYUc2ZTNn?oc=5,news.google.com,community,developing_incidents,tier_3,https://news.google.com/rss/articles/CBMimgFBVV95cUxNdUI4QUtSLXhFZ3NjUzJSM3Q5Qi10azkwcFFWbFoxbFRhZGJUY01Mal9lQXdQZDZhQ3ExT2RHc093bFdjcnMySUNFeGlCbWk3R1ZmeWNMYlg0ZTMyRERrekljVW5TdmhCM2RaLXh3dXJZVk9jV3ZBRHl6MmJ5dUpCZmhfZmJNLUJKTk94YnhuZk5IRTVKYUc2ZTNn?oc=5,https://news.google.com/rss/articles/CBMimgFBVV95cUxNdUI4QUtSLXhFZ3NjUzJSM3Q5Qi10azkwcFFWbFoxbFRhZGJUY01Mal9lQXdQZDZhQ3ExT2RHc093bFdjcnMySUNFeGlCbWk3R1ZmeWNMYlg0ZTMyRERrekljVW5TdmhCM2RaLXh3dXJZVk9jV3ZBRHl6MmJ5dUpCZmhfZmJNLUJKTk94YnhuZk5IRTVKYUc2ZTNn?oc=5,,,no,yes,true,no,no,validated_not_implemented
Discovered https://news.google.com/rss/articles/CBMimgFBVV95cUxPeXdYRnh2WnFzT2ZxLW5Cazl6TG11MTBMLWhnMHBlX2RXV3A3Zk9aU1gzcW84WlJpdVZ0MGF6MGxpTVViTjhtS01YdmZGUC1ZLUtiMTZ6ejBQT2NnRWY2VXRpUjgtSWl1Rm9XVTJqMzdYNmtSTF9Wc0sxazhUeXZaZUFhLTMyV1NRTl9ZdEhhZ2dxUGxlNnBkY1d3?oc=5,news.google.com,community,developing_incidents,tier_3,https://news.google.com/rss/articles/CBMimgFBVV95cUxPeXdYRnh2WnFzT2ZxLW5Cazl6TG11MTBMLWhnMHBlX2RXV3A3Zk9aU1gzcW84WlJpdVZ0MGF6MGxpTVViTjhtS01YdmZGUC1ZLUtiMTZ6ejBQT2NnRWY2VXRpUjgtSWl1Rm9XVTJqMzdYNmtSTF9Wc0sxazhUeXZaZUFhLTMyV1NRTl9ZdEhhZ2dxUGxlNnBkY1d3?oc=5,https://news.google.com/rss/articles/CBMimgFBVV95cUxPeXdYRnh2WnFzT2ZxLW5Cazl6TG11MTBMLWhnMHBlX2RXV3A3Zk9aU1gzcW84WlJpdVZ0MGF6MGxpTVViTjhtS01YdmZGUC1ZLUtiMTZ6ejBQT2NnRWY2VXRpUjgtSWl1Rm9XVTJqMzdYNmtSTF9Wc0sxazhUeXZaZUFhLTMyV1NRTl9ZdEhhZ2dxUGxlNnBkY1d3?oc=5,,,no,yes,true,no,no,validated_not_implemented
Discovered https://news.google.com/rss/articles/CBMimgFBVV95cUxQX0ZVNzVHOVpKS2t2TEdWU240RnVyUHVqUUJSWVd3Z3FUdXFEQnRoaXc5T1NaV3BJd1dWM1VDWHJ6R0t0S3g2emNGa3E5VVpKeG5LMjFUb25xQm1YamhQZWlPOHk3OWwzYXdzY2JpblRyakRNVjVtWC1IOExmWVF0d3huOWNQaGV4LWtNTGNpRVRPQzZtSl9OMDJ3?oc=5,news.google.com,community,developing_incidents,tier_3,https://news.google.com/rss/articles/CBMimgFBVV95cUxQX0ZVNzVHOVpKS2t2TEdWU240RnVyUHVqUUJSWVd3Z3FUdXFEQnRoaXc5T1NaV3BJd1dWM1VDWHJ6R0t0S3g2emNGa3E5VVpKeG5LMjFUb25xQm1YamhQZWlPOHk3OWwzYXdzY2JpblRyakRNVjVtWC1IOExmWVF0d3huOWNQaGV4LWtNTGNpRVRPQzZtSl9OMDJ3?oc=5,https://news.google.com/rss/articles/CBMimgFBVV95cUxQX0ZVNzVHOVpKS2t2TEdWU240RnVyUHVqUUJSWVd3Z3FUdXFEQnRoaXc5T1NaV3BJd1dWM1VDWHJ6R0t0S3g2emNGa3E5VVpKeG5LMjFUb25xQm1YamhQZWlPOHk3OWwzYXdzY2JpblRyakRNVjVtWC1IOExmWVF0d3huOWNQaGV4LWtNTGNpRVRPQzZtSl9OMDJ3?oc=5,,,no,yes,true,no,no,validated_not_implemented
Discovered https://news.google.com/rss/articles/CBMimwFBVV95cUxNUXRySkhLU1o4S2xaLVYxaGZHcU1VOXFsMEZOUnZWYnpDaFFCZVVXNkpOU0F1amRLeF9lNEwzUk1VWFNLUmpSSjVBNE1QMXdacGtkZk1wV2tZYVQxUGVpdXZwNWszbEFEOUZjTzRRM0V5QktIZlJ3b0ZfOXlvdF9kRW9qSTMycUw2YWV0SDVHMGd4clhRRVBTMGFDcw?oc=5,news.google.com,community,developing_incidents,tier_3,https://news.google.com/rss/articles/CBMimwFBVV95cUxNUXRySkhLU1o4S2xaLVYxaGZHcU1VOXFsMEZOUnZWYnpDaFFCZVVXNkpOU0F1amRLeF9lNEwzUk1VWFNLUmpSSjVBNE1QMXdacGtkZk1wV2tZYVQxUGVpdXZwNWszbEFEOUZjTzRRM0V5QktIZlJ3b0ZfOXlvdF9kRW9qSTMycUw2YWV0SDVHMGd4clhRRVBTMGFDcw?oc=5,https://news.google.com/rss/articles/CBMimwFBVV95cUxNUXRySkhLU1o4S2xaLVYxaGZHcU1VOXFsMEZOUnZWYnpDaFFCZVVXNkpOU0F1amRLeF9lNEwzUk1VWFNLUmpSSjVBNE1QMXdacGtkZk1wV2tZYVQxUGVpdXZwNWszbEFEOUZjTzRRM0V5QktIZlJ3b0ZfOXlvdF9kRW9qSTMycUw2YWV0SDVHMGd4clhRRVBTMGFDcw?oc=5,,,no,yes,true,no,no,validated_not_implemented
Discovered https://news.google.com/rss/articles/CBMimwFBVV95cUxPMDhTYVpueVIwOUZwenJNWVZ1bjRxems5TVZMZ01pcFZoYkxUMjRkVzF1TnY0V3haN0U5STJfT04yaXFTX1VGRmYxWWdEUVZKYzFpV3NZWWpoUEV0WFZrN3c0SlNyVm45QlRYTnFZV3l5OUc2ckdCSklRZXpMdHd4M2dEREEtVTNPdzA4WjlTbng3cWZndzVmaU9RYw?oc=5,news.google.com,community,developing_incidents,tier_3,https://news.google.com/rss/articles/CBMimwFBVV95cUxPMDhTYVpueVIwOUZwenJNWVZ1bjRxems5TVZMZ01pcFZoYkxUMjRkVzF1TnY0V3haN0U5STJfT04yaXFTX1VGRmYxWWdEUVZKYzFpV3NZWWpoUEV0WFZrN3c0SlNyVm45QlRYTnFZV3l5OUc2ckdCSklRZXpMdHd4M2dEREEtVTNPdzA4WjlTbng3cWZndzVmaU9RYw?oc=5,https://news.google.com/rss/articles/CBMimwFBVV95cUxPMDhTYVpueVIwOUZwenJNWVZ1bjRxems5TVZMZ01pcFZoYkxUMjRkVzF1TnY0V3haN0U5STJfT04yaXFTX1VGRmYxWWdEUVZKYzFpV3NZWWpoUEV0WFZrN3c0SlNyVm45QlRYTnFZV3l5OUc2ckdCSklRZXpMdHd4M2dEREEtVTNPdzA4WjlTbng3cWZndzVmaU9RYw?oc=5,,,no,yes,true,no,no,validated_not_implemented
Discovered https://news.google.com/rss/articles/CBMinAFBVV95cUxNNkxJN2h2Uno5SkZKUS1IdTFxbHZnVVlLeE9fTG1ZY0ZoNmJzTlJkRGhyb01fek9Rd1ZYaC12SUNkNVo2S1dHNEdGck5lZDd6MzhTZlIzd09jYWR2dWt5MzRORVpST2VSMnRkbS0xOVB1Ty03QUtpZWlxdkhuUlBMcmhST3NMREV0Z0s3Vno3UmZZd25EaTRnQUlVY20?oc=5,news.google.com,community,developing_incidents,tier_3,https://news.google.com/rss/articles/CBMinAFBVV95cUxNNkxJN2h2Uno5SkZKUS1IdTFxbHZnVVlLeE9fTG1ZY0ZoNmJzTlJkRGhyb01fek9Rd1ZYaC12SUNkNVo2S1dHNEdGck5lZDd6MzhTZlIzd09jYWR2dWt5MzRORVpST2VSMnRkbS0xOVB1Ty03QUtpZWlxdkhuUlBMcmhST3NMREV0Z0s3Vno3UmZZd25EaTRnQUlVY20?oc=5,https://news.google.com/rss/articles/CBMinAFBVV95cUxNNkxJN2h2Uno5SkZKUS1IdTFxbHZnVVlLeE9fTG1ZY0ZoNmJzTlJkRGhyb01fek9Rd1ZYaC12SUNkNVo2S1dHNEdGck5lZDd6MzhTZlIzd09jYWR2dWt5MzRORVpST2VSMnRkbS0xOVB1Ty03QUtpZWlxdkhuUlBMcmhST3NMREV0Z0s3Vno3UmZZd25EaTRnQUlVY20?oc=5,,,no,yes,true,no,no,validated_not_implemented
Discovered https://news.google.com/rss/articles/CBMinAFBVV95cUxNX1JORWQ4QUp1cVVtUE5pQ3gzTUxWaWlqaVdsb2FlSUU2eG9DaVFWTmEzQ3NJYjkwVkV0Um1lMWdFWGRaTml6a2pROFNKazl0TzZyTU9MSFBSNUd0UDVsa2NBZEgyRVpVZjZ4V1FwTFUzNm1UZERMQTFzenFtRFhsQkJDT0pVOXJvSWRERmc5U2dBLWxvMGM1Yl9udHg?oc=5,news.google.com,community,developing_incidents,tier_3,https://news.google.com/rss/articles/CBMinAFBVV95cUxNX1JORWQ4QUp1cVVtUE5pQ3gzTUxWaWlqaVdsb2FlSUU2eG9DaVFWTmEzQ3NJYjkwVkV0Um1lMWdFWGRaTml6a2pROFNKazl0TzZyTU9MSFBSNUd0UDVsa2NBZEgyRVpVZjZ4V1FwTFUzNm1UZERMQTFzenFtRFhsQkJDT0pVOXJvSWRERmc5U2dBLWxvMGM1Yl9udHg?oc=5,https://news.google.com/rss/articles/CBMinAFBVV95cUxNX1JORWQ4QUp1cVVtUE5pQ3gzTUxWaWlqaVdsb2FlSUU2eG9DaVFWTmEzQ3NJYjkwVkV0Um1lMWdFWGRaTml6a2pROFNKazl0TzZyTU9MSFBSNUd0UDVsa2NBZEgyRVpVZjZ4V1FwTFUzNm1UZERMQTFzenFtRFhsQkJDT0pVOXJvSWRERmc5U2dBLWxvMGM1Yl9udHg?oc=5,,,no,yes,true,no,no,validated_not_implemented
Discovered https://news.google.com/rss/articles/CBMinAFBVV95cUxPSlk1cGZCcTItckYtYndYXzJNLWtLRFdwbWtxSU5lZjA5NUF1aDRVSFlXNnN5Zk9vcy1vcndGTWlpYmEtaFZkemVWb01VZGctdjhoaV9JQWttM013Y09lSWlRWXN4ZmlSVUFXTU11ekg1WnItVHcxbFZ4MXJYaTY1R3R4alFPRWJpYWZXcFA3OV8xQURaU2JGRndnUjI?oc=5,news.google.com,community,developing_incidents,tier_3,https://news.google.com/rss/articles/CBMinAFBVV95cUxPSlk1cGZCcTItckYtYndYXzJNLWtLRFdwbWtxSU5lZjA5NUF1aDRVSFlXNnN5Zk9vcy1vcndGTWlpYmEtaFZkemVWb01VZGctdjhoaV9JQWttM013Y09lSWlRWXN4ZmlSVUFXTU11ekg1WnItVHcxbFZ4MXJYaTY1R3R4alFPRWJpYWZXcFA3OV8xQURaU2JGRndnUjI?oc=5,https://news.google.com/rss/articles/CBMinAFBVV95cUxPSlk1cGZCcTItckYtYndYXzJNLWtLRFdwbWtxSU5lZjA5NUF1aDRVSFlXNnN5Zk9vcy1vcndGTWlpYmEtaFZkemVWb01VZGctdjhoaV9JQWttM013Y09lSWlRWXN4ZmlSVUFXTU11ekg1WnItVHcxbFZ4MXJYaTY1R3R4alFPRWJpYWZXcFA3OV8xQURaU2JGRndnUjI?oc=5,,,no,yes,true,no,no,validated_not_implemented
Discovered https://news.google.com/rss/articles/CBMinAFBVV95cUxQNUJYbTFaQkxoc3JLcFhXSEJzQUEwSGpHRzdaZnBmelcxRExwZFBPT3NSbTNiN1RmeWtiNHpjbkN3THd0T1M1VEwtYWJVanRHRTlMMFVfbzZvbzg5ZXNDRFJfY1lOVkVlOHkwSnpiclltSjNQMTJVbFU1dTdiRUdVWklUNy11R2NnYkFBbnB5blhPMzlWMWhNNjB0Q2I?oc=5,news.google.com,community,developing_incidents,tier_3,https://news.google.com/rss/articles/CBMinAFBVV95cUxQNUJYbTFaQkxoc3JLcFhXSEJzQUEwSGpHRzdaZnBmelcxRExwZFBPT3NSbTNiN1RmeWtiNHpjbkN3THd0T1M1VEwtYWJVanRHRTlMMFVfbzZvbzg5ZXNDRFJfY1lOVkVlOHkwSnpiclltSjNQMTJVbFU1dTdiRUdVWklUNy11R2NnYkFBbnB5blhPMzlWMWhNNjB0Q2I?oc=5,https://news.google.com/rss/articles/CBMinAFBVV95cUxQNUJYbTFaQkxoc3JLcFhXSEJzQUEwSGpHRzdaZnBmelcxRExwZFBPT3NSbTNiN1RmeWtiNHpjbkN3THd0T1M1VEwtYWJVanRHRTlMMFVfbzZvbzg5ZXNDRFJfY1lOVkVlOHkwSnpiclltSjNQMTJVbFU1dTdiRUdVWklUNy11R2NnYkFBbnB5blhPMzlWMWhNNjB0Q2I?oc=5,,,no,yes,true,no,no,validated_not_implemented
Discovered https://news.google.com/rss/articles/CBMingFBVV95cUxNTGVOOUE1bXFOQUhQT2Jfb2ZsaV9kVzhmTngyTXI3ZlE5SDJqc0htQnJSNGo2MGpqWTBJZS1hZTVxZVdqQW12Zmlnd2N3Uk56R2dGOTlpNnFXT3ZaSmcwSTY1bjlhejJQOG00SGJCc1JKdUk2RmJUWFE5cXlqZldqTGtVUW9IZXNZUkRySjAzYUFfdGF0NUplT2dscTdTUQ?oc=5,news.google.com,community,developing_incidents,tier_3,https://news.google.com/rss/articles/CBMingFBVV95cUxNTGVOOUE1bXFOQUhQT2Jfb2ZsaV9kVzhmTngyTXI3ZlE5SDJqc0htQnJSNGo2MGpqWTBJZS1hZTVxZVdqQW12Zmlnd2N3Uk56R2dGOTlpNnFXT3ZaSmcwSTY1bjlhejJQOG00SGJCc1JKdUk2RmJUWFE5cXlqZldqTGtVUW9IZXNZUkRySjAzYUFfdGF0NUplT2dscTdTUQ?oc=5,https://news.google.com/rss/articles/CBMingFBVV95cUxNTGVOOUE1bXFOQUhQT2Jfb2ZsaV9kVzhmTngyTXI3ZlE5SDJqc0htQnJSNGo2MGpqWTBJZS1hZTVxZVdqQW12Zmlnd2N3Uk56R2dGOTlpNnFXT3ZaSmcwSTY1bjlhejJQOG00SGJCc1JKdUk2RmJUWFE5cXlqZldqTGtVUW9IZXNZUkRySjAzYUFfdGF0NUplT2dscTdTUQ?oc=5,,,no,yes,true,no,no,validated_not_implemented
Discovered https://news.google.com/rss/articles/CBMingFBVV95cUxOUkpmWDNaYVN3cnNaam9KYXZXVjVpVHhsS2dpNE9yRGdBYU1iY0JQcWc3Rld3Q1lKYzdNYkdhNkJXQVAwSm5KZEc0UnVKQXdLaXI2OWRlYWJCdzJFa0tPcDl4WEdfV3JONTR6eENIM2VyLWlRVGppWXlNMEpFcWpTN3BlV2FPUEgxWElTSDRORWg0UElhaFZLQzk2d1VIUQ?oc=5,news.google.com,community,developing_incidents,tier_3,https://news.google.com/rss/articles/CBMingFBVV95cUxOUkpmWDNaYVN3cnNaam9KYXZXVjVpVHhsS2dpNE9yRGdBYU1iY0JQcWc3Rld3Q1lKYzdNYkdhNkJXQVAwSm5KZEc0UnVKQXdLaXI2OWRlYWJCdzJFa0tPcDl4WEdfV3JONTR6eENIM2VyLWlRVGppWXlNMEpFcWpTN3BlV2FPUEgxWElTSDRORWg0UElhaFZLQzk2d1VIUQ?oc=5,https://news.google.com/rss/articles/CBMingFBVV95cUxOUkpmWDNaYVN3cnNaam9KYXZXVjVpVHhsS2dpNE9yRGdBYU1iY0JQcWc3Rld3Q1lKYzdNYkdhNkJXQVAwSm5KZEc0UnVKQXdLaXI2OWRlYWJCdzJFa0tPcDl4WEdfV3JONTR6eENIM2VyLWlRVGppWXlNMEpFcWpTN3BlV2FPUEgxWElTSDRORWg0UElhaFZLQzk2d1VIUQ?oc=5,,,no,yes,true,no,no,validated_not_implemented
Discovered https://news.google.com/rss/articles/CBMingFBVV95cUxQUi16R3JGX1RYbTBJdEZrdlFBTlowQTRaQ05kYklHUGstVGZ6QVUxdmdrdXZLcmc2R1R2WmNLRVVaSG4xVHRuMDh1NG5RN1FDVHNzS3dhQkUtdEoxM0VCeUt1bjhkSG1RUlJlc3dscGZ5RVZuOXZ3MlZVRlk3N0RsRVVDUDNTbFBDODhVdzhGUHNKSGZtbzRLcUdvS3dEUQ?oc=5,news.google.com,community,developing_incidents,tier_3,https://news.google.com/rss/articles/CBMingFBVV95cUxQUi16R3JGX1RYbTBJdEZrdlFBTlowQTRaQ05kYklHUGstVGZ6QVUxdmdrdXZLcmc2R1R2WmNLRVVaSG4xVHRuMDh1NG5RN1FDVHNzS3dhQkUtdEoxM0VCeUt1bjhkSG1RUlJlc3dscGZ5RVZuOXZ3MlZVRlk3N0RsRVVDUDNTbFBDODhVdzhGUHNKSGZtbzRLcUdvS3dEUQ?oc=5,https://news.google.com/rss/articles/CBMingFBVV95cUxQUi16R3JGX1RYbTBJdEZrdlFBTlowQTRaQ05kYklHUGstVGZ6QVUxdmdrdXZLcmc2R1R2WmNLRVVaSG4xVHRuMDh1NG5RN1FDVHNzS3dhQkUtdEoxM0VCeUt1bjhkSG1RUlJlc3dscGZ5RVZuOXZ3MlZVRlk3N0RsRVVDUDNTbFBDODhVdzhGUHNKSGZtbzRLcUdvS3dEUQ?oc=5,,,no,yes,true,no,no,validated_not_implemented
Discovered https://news.google.com/rss/articles/CBMinwFBVV95cUxNQ0FhNWRtbWFKS2JJQ0VBX2tTRHhFVW03R2hUTkdUZVpIQ2UtU3l6RjU2VEZ6Y0FWckZocGxTRVZFbG1xTU83ZFlkMU92T2ZxNkNHaXdNd0tWM29JZDRSV2RHT1hUSzVBYUczUkNTSm04ZDg2SnVhY0toTnRGbVRBM013dm83eTQ1SjZMZUJpb3ZzT2llZTR5Q2djVzhJeFk?oc=5,news.google.com,community,developing_incidents,tier_3,https://news.google.com/rss/articles/CBMinwFBVV95cUxNQ0FhNWRtbWFKS2JJQ0VBX2tTRHhFVW03R2hUTkdUZVpIQ2UtU3l6RjU2VEZ6Y0FWckZocGxTRVZFbG1xTU83ZFlkMU92T2ZxNkNHaXdNd0tWM29JZDRSV2RHT1hUSzVBYUczUkNTSm04ZDg2SnVhY0toTnRGbVRBM013dm83eTQ1SjZMZUJpb3ZzT2llZTR5Q2djVzhJeFk?oc=5,https://news.google.com/rss/articles/CBMinwFBVV95cUxNQ0FhNWRtbWFKS2JJQ0VBX2tTRHhFVW03R2hUTkdUZVpIQ2UtU3l6RjU2VEZ6Y0FWckZocGxTRVZFbG1xTU83ZFlkMU92T2ZxNkNHaXdNd0tWM29JZDRSV2RHT1hUSzVBYUczUkNTSm04ZDg2SnVhY0toTnRGbVRBM013dm83eTQ1SjZMZUJpb3ZzT2llZTR5Q2djVzhJeFk?oc=5,,,no,yes,true,no,no,validated_not_implemented
Discovered https://news.google.com/rss/articles/CBMinwFBVV95cUxOZlQ3UmJUUkdzSi1zLVhlcmVUeGsyTVdzVFVvbUpxVDZmNUh3LWZjMHJ5UHNHRHY3NUxqSmlVY29kN3AwcUZZWFVKTTJ2d20ycXNIY3hTSXFGQXd0TDlxbXdKYUNrRTZ5M052UzY0UndjUjZ6TzNxcnFYS1UxbEJSb2FOTTFid2RoOVhaU2ZqUWVSNDZDWnRIcE1SbUpHaDg?oc=5,news.google.com,community,developing_incidents,tier_3,https://news.google.com/rss/articles/CBMinwFBVV95cUxOZlQ3UmJUUkdzSi1zLVhlcmVUeGsyTVdzVFVvbUpxVDZmNUh3LWZjMHJ5UHNHRHY3NUxqSmlVY29kN3AwcUZZWFVKTTJ2d20ycXNIY3hTSXFGQXd0TDlxbXdKYUNrRTZ5M052UzY0UndjUjZ6TzNxcnFYS1UxbEJSb2FOTTFid2RoOVhaU2ZqUWVSNDZDWnRIcE1SbUpHaDg?oc=5,https://news.google.com/rss/articles/CBMinwFBVV95cUxOZlQ3UmJUUkdzSi1zLVhlcmVUeGsyTVdzVFVvbUpxVDZmNUh3LWZjMHJ5UHNHRHY3NUxqSmlVY29kN3AwcUZZWFVKTTJ2d20ycXNIY3hTSXFGQXd0TDlxbXdKYUNrRTZ5M052UzY0UndjUjZ6TzNxcnFYS1UxbEJSb2FOTTFid2RoOVhaU2ZqUWVSNDZDWnRIcE1SbUpHaDg?oc=5,,,no,yes,true,no,no,validated_not_implemented
Discovered https://news.google.com/rss/articles/CBMinwFBVV95cUxQREJVVXJUNlZJRlp1TXptOGo5dTkxTE1HeFgtV0hOS0JpMk8zYkRrQ2hzMlNaOC1sNVJzOXVTTU5XcXp1VERJeUk4RUdEX1FoOS1LaUJyWGRvWExEUnRyY0RSUXdDazk5SUluNS1LbXF6UlozcWJPSllKSTFEUkFPVkdUcDNXUWRRZG5MWDFBV3g1M0tLaTNhcHRkd29JQVU?oc=5,news.google.com,community,developing_incidents,tier_3,https://news.google.com/rss/articles/CBMinwFBVV95cUxQREJVVXJUNlZJRlp1TXptOGo5dTkxTE1HeFgtV0hOS0JpMk8zYkRrQ2hzMlNaOC1sNVJzOXVTTU5XcXp1VERJeUk4RUdEX1FoOS1LaUJyWGRvWExEUnRyY0RSUXdDazk5SUluNS1LbXF6UlozcWJPSllKSTFEUkFPVkdUcDNXUWRRZG5MWDFBV3g1M0tLaTNhcHRkd29JQVU?oc=5,https://news.google.com/rss/articles/CBMinwFBVV95cUxQREJVVXJUNlZJRlp1TXptOGo5dTkxTE1HeFgtV0hOS0JpMk8zYkRrQ2hzMlNaOC1sNVJzOXVTTU5XcXp1VERJeUk4RUdEX1FoOS1LaUJyWGRvWExEUnRyY0RSUXdDazk5SUluNS1LbXF6UlozcWJPSllKSTFEUkFPVkdUcDNXUWRRZG5MWDFBV3g1M0tLaTNhcHRkd29JQVU?oc=5,,,no,yes,true,no,no,validated_not_implemented
Discovered https://news.google.com/rss/articles/CBMioAFBVV95cUxOeDVEa2U1RzNWV1R6bTZJYlRTTDV0Y1VOOEVVS0ZTWjFEd3BOalIwb3Y5TE5FUS1nX1pBV3podjhRODMzSS1LQVI5U2ZvdE1XRnVBTTBUVXFZdmVoclJvR3BXT2J1YTFrbkJJU1pTY19Cd3o0VGhaYjRxelRSc3phYnQtOE10MUViZEd5N2FEOGFZdTlXSnBGRzNCTFlWZnY1?oc=5,news.google.com,community,developing_incidents,tier_3,https://news.google.com/rss/articles/CBMioAFBVV95cUxOeDVEa2U1RzNWV1R6bTZJYlRTTDV0Y1VOOEVVS0ZTWjFEd3BOalIwb3Y5TE5FUS1nX1pBV3podjhRODMzSS1LQVI5U2ZvdE1XRnVBTTBUVXFZdmVoclJvR3BXT2J1YTFrbkJJU1pTY19Cd3o0VGhaYjRxelRSc3phYnQtOE10MUViZEd5N2FEOGFZdTlXSnBGRzNCTFlWZnY1?oc=5,https://news.google.com/rss/articles/CBMioAFBVV95cUxOeDVEa2U1RzNWV1R6bTZJYlRTTDV0Y1VOOEVVS0ZTWjFEd3BOalIwb3Y5TE5FUS1nX1pBV3podjhRODMzSS1LQVI5U2ZvdE1XRnVBTTBUVXFZdmVoclJvR3BXT2J1YTFrbkJJU1pTY19Cd3o0VGhaYjRxelRSc3phYnQtOE10MUViZEd5N2FEOGFZdTlXSnBGRzNCTFlWZnY1?oc=5,,,no,yes,true,no,no,validated_not_implemented
Discovered https://news.google.com/rss/articles/CBMioAFBVV95cUxQOWthLUpzUXJDZ1VRd3ZyREQxcktWbEx5cEVWQVNMNTVEMGEzUUM3c3hWNlo5TmllX2F5cUlyVVlMVVlkU3E0ZnQ2cm1FcEMzajJKU0FXUFQ0OFE1eW9kRm4tdTlrS0J5a0hfTjJMYlR5ajM3cXIySHJsZlhkWTlGazdqVGtjQzBrcWUyVjRZMVNhc1dDdTR4VXp2b1RJRkZH?oc=5,news.google.com,community,developing_incidents,tier_3,https://news.google.com/rss/articles/CBMioAFBVV95cUxQOWthLUpzUXJDZ1VRd3ZyREQxcktWbEx5cEVWQVNMNTVEMGEzUUM3c3hWNlo5TmllX2F5cUlyVVlMVVlkU3E0ZnQ2cm1FcEMzajJKU0FXUFQ0OFE1eW9kRm4tdTlrS0J5a0hfTjJMYlR5ajM3cXIySHJsZlhkWTlGazdqVGtjQzBrcWUyVjRZMVNhc1dDdTR4VXp2b1RJRkZH?oc=5,https://news.google.com/rss/articles/CBMioAFBVV95cUxQOWthLUpzUXJDZ1VRd3ZyREQxcktWbEx5cEVWQVNMNTVEMGEzUUM3c3hWNlo5TmllX2F5cUlyVVlMVVlkU3E0ZnQ2cm1FcEMzajJKU0FXUFQ0OFE1eW9kRm4tdTlrS0J5a0hfTjJMYlR5ajM3cXIySHJsZlhkWTlGazdqVGtjQzBrcWUyVjRZMVNhc1dDdTR4VXp2b1RJRkZH?oc=5,,,no,yes,true,no,no,validated_not_implemented
Discovered https://news.google.com/rss/articles/CBMiogFBVV95cUxOXzlwZUVpQ1RxeDZQckRfOG92WXlNX1B1emV5NXdyLUFlMlY3TXVVUzBLS0wzZ1NWMnVOc1VTVFAya0x1ZzlHNGxFZWFHYkFVNlloazdteXptSnAxS0Q2NUxFSmlqaURMSGxaSTN1UFhfM1VlVnlLWUdycXpCQU1KT0ZaWUh6bS03WFhiRk0yTmYwTzJFaGdCdmVqYm9kem9wZFE?oc=5,news.google.com,community,developing_incidents,tier_3,https://news.google.com/rss/articles/CBMiogFBVV95cUxOXzlwZUVpQ1RxeDZQckRfOG92WXlNX1B1emV5NXdyLUFlMlY3TXVVUzBLS0wzZ1NWMnVOc1VTVFAya0x1ZzlHNGxFZWFHYkFVNlloazdteXptSnAxS0Q2NUxFSmlqaURMSGxaSTN1UFhfM1VlVnlLWUdycXpCQU1KT0ZaWUh6bS03WFhiRk0yTmYwTzJFaGdCdmVqYm9kem9wZFE?oc=5,https://news.google.com/rss/articles/CBMiogFBVV95cUxOXzlwZUVpQ1RxeDZQckRfOG92WXlNX1B1emV5NXdyLUFlMlY3TXVVUzBLS0wzZ1NWMnVOc1VTVFAya0x1ZzlHNGxFZWFHYkFVNlloazdteXptSnAxS0Q2NUxFSmlqaURMSGxaSTN1UFhfM1VlVnlLWUdycXpCQU1KT0ZaWUh6bS03WFhiRk0yTmYwTzJFaGdCdmVqYm9kem9wZFE?oc=5,,,no,yes,true,no,no,validated_not_implemented
Discovered https://news.google.com/rss/articles/CBMiogFBVV95cUxQRm5uSjVlNnZhLVNvWFl6TDRWU3BXSGhrSHBwVDdYNmEwREJqTUtOVnVzcmhxOGpLcTJEWnN1UE1oQTlkM0c4b1ZILWVTUVJObElFVzlObWR1UEhHWmVqQ1lzdlFBWDlSLThTQWdTM3NmQ3FlWlMwZjdCTGlXQ21Nbm9HUVZEdHA1VWZqRkxoNUZxZENKbjdMclVVQjVVWUowdUE?oc=5,news.google.com,community,developing_incidents,tier_3,https://news.google.com/rss/articles/CBMiogFBVV95cUxQRm5uSjVlNnZhLVNvWFl6TDRWU3BXSGhrSHBwVDdYNmEwREJqTUtOVnVzcmhxOGpLcTJEWnN1UE1oQTlkM0c4b1ZILWVTUVJObElFVzlObWR1UEhHWmVqQ1lzdlFBWDlSLThTQWdTM3NmQ3FlWlMwZjdCTGlXQ21Nbm9HUVZEdHA1VWZqRkxoNUZxZENKbjdMclVVQjVVWUowdUE?oc=5,https://news.google.com/rss/articles/CBMiogFBVV95cUxQRm5uSjVlNnZhLVNvWFl6TDRWU3BXSGhrSHBwVDdYNmEwREJqTUtOVnVzcmhxOGpLcTJEWnN1UE1oQTlkM0c4b1ZILWVTUVJObElFVzlObWR1UEhHWmVqQ1lzdlFBWDlSLThTQWdTM3NmQ3FlWlMwZjdCTGlXQ21Nbm9HUVZEdHA1VWZqRkxoNUZxZENKbjdMclVVQjVVWUowdUE?oc=5,,,no,yes,true,no,no,validated_not_implemented
Discovered https://news.google.com/rss/articles/CBMipAFBVV95cUxOczdhYXBvS1U4WXVnSmFrMDhxT2JCQUNuNTVfdHNUSHlDb0lmV3lVZVhQc2l2RVFmNkJrNFVTQmVaUGhieU0ycC1aZVdsMElMT015bjlZR0dERnFzWFphcVdKOFlMWkN4TVUzb21hTU5rNlZpWnUtbTFQWHI3V2JLTkdEck9LaThQdWFyd1hPZWtuSENleGxqaHVkNUdOUGJFelRWTg?oc=5,news.google.com,community,developing_incidents,tier_3,https://news.google.com/rss/articles/CBMipAFBVV95cUxOczdhYXBvS1U4WXVnSmFrMDhxT2JCQUNuNTVfdHNUSHlDb0lmV3lVZVhQc2l2RVFmNkJrNFVTQmVaUGhieU0ycC1aZVdsMElMT015bjlZR0dERnFzWFphcVdKOFlMWkN4TVUzb21hTU5rNlZpWnUtbTFQWHI3V2JLTkdEck9LaThQdWFyd1hPZWtuSENleGxqaHVkNUdOUGJFelRWTg?oc=5,https://news.google.com/rss/articles/CBMipAFBVV95cUxOczdhYXBvS1U4WXVnSmFrMDhxT2JCQUNuNTVfdHNUSHlDb0lmV3lVZVhQc2l2RVFmNkJrNFVTQmVaUGhieU0ycC1aZVdsMElMT015bjlZR0dERnFzWFphcVdKOFlMWkN4TVUzb21hTU5rNlZpWnUtbTFQWHI3V2JLTkdEck9LaThQdWFyd1hPZWtuSENleGxqaHVkNUdOUGJFelRWTg?oc=5,,,no,yes,true,no,no,validated_not_implemented
Discovered https://news.google.com/rss/articles/CBMipgFBVV95cUxORFg5ZFhBWHRpQnRsdEw2QUJiblQ2bkotQ05JNmIteE1YbHMxSUNtWWRqdWZ2T0NzOWJkOVlkV0NkWmVmaFlvUG10T1JuZVVxcXMzR1NYVE1CbzhBQ1BpNlFMcWgzR0F1Tmw2cFdSTmdTVnZXcWdmZVRYMXJFVDQ4UGdPV3JPbVJvWTJ0R003WElnRWpzOXhoNnB2T3N3Q0MxNHFuV1hB?oc=5,news.google.com,community,developing_incidents,tier_3,https://news.google.com/rss/articles/CBMipgFBVV95cUxORFg5ZFhBWHRpQnRsdEw2QUJiblQ2bkotQ05JNmIteE1YbHMxSUNtWWRqdWZ2T0NzOWJkOVlkV0NkWmVmaFlvUG10T1JuZVVxcXMzR1NYVE1CbzhBQ1BpNlFMcWgzR0F1Tmw2cFdSTmdTVnZXcWdmZVRYMXJFVDQ4UGdPV3JPbVJvWTJ0R003WElnRWpzOXhoNnB2T3N3Q0MxNHFuV1hB?oc=5,https://news.google.com/rss/articles/CBMipgFBVV95cUxORFg5ZFhBWHRpQnRsdEw2QUJiblQ2bkotQ05JNmIteE1YbHMxSUNtWWRqdWZ2T0NzOWJkOVlkV0NkWmVmaFlvUG10T1JuZVVxcXMzR1NYVE1CbzhBQ1BpNlFMcWgzR0F1Tmw2cFdSTmdTVnZXcWdmZVRYMXJFVDQ4UGdPV3JPbVJvWTJ0R003WElnRWpzOXhoNnB2T3N3Q0MxNHFuV1hB?oc=5,,,no,yes,true,no,no,validated_not_implemented
Discovered https://news.google.com/rss/articles/CBMiqAFBVV95cUxOT1ktOUs0ZzMzRnFOSUc0SWNCTDg1OG1GaURvMndsSnY5NGVIbUlXZVpQZGRCQ0tGYndvU1VtbmdPWTMtUldZNEt2MEhpN2hiRVZuYjlmbllkSEd2cVYtOWZseVlOMWtNdnVGWEdncHpnYnIyOWtZU2NyRkt4Zmh0OFRfX01PU2lUYm1PTjRXaWlRWU1oNV9qUlQ5QkJneGZnMG41RFZhMmU?oc=5,news.google.com,community,developing_incidents,tier_3,https://news.google.com/rss/articles/CBMiqAFBVV95cUxOT1ktOUs0ZzMzRnFOSUc0SWNCTDg1OG1GaURvMndsSnY5NGVIbUlXZVpQZGRCQ0tGYndvU1VtbmdPWTMtUldZNEt2MEhpN2hiRVZuYjlmbllkSEd2cVYtOWZseVlOMWtNdnVGWEdncHpnYnIyOWtZU2NyRkt4Zmh0OFRfX01PU2lUYm1PTjRXaWlRWU1oNV9qUlQ5QkJneGZnMG41RFZhMmU?oc=5,https://news.google.com/rss/articles/CBMiqAFBVV95cUxOT1ktOUs0ZzMzRnFOSUc0SWNCTDg1OG1GaURvMndsSnY5NGVIbUlXZVpQZGRCQ0tGYndvU1VtbmdPWTMtUldZNEt2MEhpN2hiRVZuYjlmbllkSEd2cVYtOWZseVlOMWtNdnVGWEdncHpnYnIyOWtZU2NyRkt4Zmh0OFRfX01PU2lUYm1PTjRXaWlRWU1oNV9qUlQ5QkJneGZnMG41RFZhMmU?oc=5,,,no,yes,true,no,no,validated_not_implemented
Discovered https://news.google.com/rss/articles/CBMiqgFBVV95cUxONDVBSVpFSlBZYVUzSTdUNVpMSmFGQU5rWmpvQXFRXzlPZ2luWkd4TzIxT0c0cjlNWU1Vd05fSC1GTjRUZzVDVUJBaldGam50elU4LU9DeTk3YkxNa1lkcEU0MzV4bkVIaUQ0aEROSkxxZTBENTBQaG9GN2x3QjZmVXRGSG9MeUl2TzFDUHI2Nml0MVR5bXFkMGp4a3dNRGxSZnhWU0dsOEJMQQ?oc=5,news.google.com,community,developing_incidents,tier_3,https://news.google.com/rss/articles/CBMiqgFBVV95cUxONDVBSVpFSlBZYVUzSTdUNVpMSmFGQU5rWmpvQXFRXzlPZ2luWkd4TzIxT0c0cjlNWU1Vd05fSC1GTjRUZzVDVUJBaldGam50elU4LU9DeTk3YkxNa1lkcEU0MzV4bkVIaUQ0aEROSkxxZTBENTBQaG9GN2x3QjZmVXRGSG9MeUl2TzFDUHI2Nml0MVR5bXFkMGp4a3dNRGxSZnhWU0dsOEJMQQ?oc=5,https://news.google.com/rss/articles/CBMiqgFBVV95cUxONDVBSVpFSlBZYVUzSTdUNVpMSmFGQU5rWmpvQXFRXzlPZ2luWkd4TzIxT0c0cjlNWU1Vd05fSC1GTjRUZzVDVUJBaldGam50elU4LU9DeTk3YkxNa1lkcEU0MzV4bkVIaUQ0aEROSkxxZTBENTBQaG9GN2x3QjZmVXRGSG9MeUl2TzFDUHI2Nml0MVR5bXFkMGp4a3dNRGxSZnhWU0dsOEJMQQ?oc=5,,,no,yes,true,no,no,validated_not_implemented
Discovered https://news.google.com/rss/articles/CBMiqgFBVV95cUxPUmVsWUt0R0tma2sxMTFzbFZkeEZWMm42MC1kLVZsaWoxYVA3NXB6U21qbkxPZ0p0alZqYkR6NUd5STlrZ3E0UVFvRnlZLWRpSy03Ull6RGw0TDI3TnpVaDZmSWtZcndkcDhZUlRWd09QenpfckV3OXN6VkVHb21MX2RCMERyaWpmRkpieTI1dHpnYWhjUTQwbjRGMXRmTmUybWhQOGl4amZaQQ?oc=5,news.google.com,community,developing_incidents,tier_3,https://news.google.com/rss/articles/CBMiqgFBVV95cUxPUmVsWUt0R0tma2sxMTFzbFZkeEZWMm42MC1kLVZsaWoxYVA3NXB6U21qbkxPZ0p0alZqYkR6NUd5STlrZ3E0UVFvRnlZLWRpSy03Ull6RGw0TDI3TnpVaDZmSWtZcndkcDhZUlRWd09QenpfckV3OXN6VkVHb21MX2RCMERyaWpmRkpieTI1dHpnYWhjUTQwbjRGMXRmTmUybWhQOGl4amZaQQ?oc=5,https://news.google.com/rss/articles/CBMiqgFBVV95cUxPUmVsWUt0R0tma2sxMTFzbFZkeEZWMm42MC1kLVZsaWoxYVA3NXB6U21qbkxPZ0p0alZqYkR6NUd5STlrZ3E0UVFvRnlZLWRpSy03Ull6RGw0TDI3TnpVaDZmSWtZcndkcDhZUlRWd09QenpfckV3OXN6VkVHb21MX2RCMERyaWpmRkpieTI1dHpnYWhjUTQwbjRGMXRmTmUybWhQOGl4amZaQQ?oc=5,,,no,yes,true,no,no,validated_not_implemented
Discovered https://news.google.com/rss/articles/CBMiqgFBVV95cUxQd0tvcnZUSXJyVjhzeUlyVUI3Rmd1X2o2SHBTVlJlX0hFd2pnT25uX09VNkxfVzRMYnBRaGYzamtLcERBVy01UWRhQW8zVnNTV1dBUlZFVk1GUTVqM1UzZThhdVUxNUpmbzM3a1dqeGNxNTFzN2wyUHJPbGEzbWtPaUhPeXNoOFA1TlN2NFVBMlp0eGI5NmZncEotelI4Z010RDlvZ2J3dFRuUQ?oc=5,news.google.com,community,developing_incidents,tier_3,https://news.google.com/rss/articles/CBMiqgFBVV95cUxQd0tvcnZUSXJyVjhzeUlyVUI3Rmd1X2o2SHBTVlJlX0hFd2pnT25uX09VNkxfVzRMYnBRaGYzamtLcERBVy01UWRhQW8zVnNTV1dBUlZFVk1GUTVqM1UzZThhdVUxNUpmbzM3a1dqeGNxNTFzN2wyUHJPbGEzbWtPaUhPeXNoOFA1TlN2NFVBMlp0eGI5NmZncEotelI4Z010RDlvZ2J3dFRuUQ?oc=5,https://news.google.com/rss/articles/CBMiqgFBVV95cUxQd0tvcnZUSXJyVjhzeUlyVUI3Rmd1X2o2SHBTVlJlX0hFd2pnT25uX09VNkxfVzRMYnBRaGYzamtLcERBVy01UWRhQW8zVnNTV1dBUlZFVk1GUTVqM1UzZThhdVUxNUpmbzM3a1dqeGNxNTFzN2wyUHJPbGEzbWtPaUhPeXNoOFA1TlN2NFVBMlp0eGI5NmZncEotelI4Z010RDlvZ2J3dFRuUQ?oc=5,,,no,yes,true,no,no,validated_not_implemented
Discovered https://news.google.com/rss/articles/CBMiqwFBVV95cUxOMzQzMHN5bFN5ZTJZbC04M1BSZlFHczhtWGRvbFZMSVVHaXNveTVpWFh0T0xIOU1Gd3lxcW9IdE02dGJFTjJLT1JKOTQzNDFFSlY4d3BHWVE0bUxFV1BFR05xdjJnZW1DMHgyMkFqRWlpRXllbVNPbXd1cHR2YXJNV3BZTmFac3A0eXUyNVg3dTJqUU5GQ1lPYmw4SktDcXFDZ0ZLQU9IUm5oMU0?oc=5,news.google.com,community,developing_incidents,tier_3,https://news.google.com/rss/articles/CBMiqwFBVV95cUxOMzQzMHN5bFN5ZTJZbC04M1BSZlFHczhtWGRvbFZMSVVHaXNveTVpWFh0T0xIOU1Gd3lxcW9IdE02dGJFTjJLT1JKOTQzNDFFSlY4d3BHWVE0bUxFV1BFR05xdjJnZW1DMHgyMkFqRWlpRXllbVNPbXd1cHR2YXJNV3BZTmFac3A0eXUyNVg3dTJqUU5GQ1lPYmw4SktDcXFDZ0ZLQU9IUm5oMU0?oc=5,https://news.google.com/rss/articles/CBMiqwFBVV95cUxOMzQzMHN5bFN5ZTJZbC04M1BSZlFHczhtWGRvbFZMSVVHaXNveTVpWFh0T0xIOU1Gd3lxcW9IdE02dGJFTjJLT1JKOTQzNDFFSlY4d3BHWVE0bUxFV1BFR05xdjJnZW1DMHgyMkFqRWlpRXllbVNPbXd1cHR2YXJNV3BZTmFac3A0eXUyNVg3dTJqUU5GQ1lPYmw4SktDcXFDZ0ZLQU9IUm5oMU0?oc=5,,,no,yes,true,no,no,validated_not_implemented
Discovered https://news.google.com/rss/articles/CBMiuAFBVV95cUxPV0ZWVkdPYXRkenF4Yk1ISXpDZEM1VmZGQWtRQ2taTE4yLXpTN0VZUWRBcklBU29Nakx5dXRfQmN1RGZxbERzM1Rjd1hEbkQ4YjJ6QlBwTGM2T1dwQWJtcEc2aEhmY3dvMV9MYWdpUFRQdl9yRHJna2xuQzJQSmx1UkZKdGZnQW5QcVRnTHRsbXNyWUtaQjRVSnQwOU1tMldPSWlnUldvbEFrTXM0N2liampQRkFoQkxO?oc=5,news.google.com,community,developing_incidents,tier_3,https://news.google.com/rss/articles/CBMiuAFBVV95cUxPV0ZWVkdPYXRkenF4Yk1ISXpDZEM1VmZGQWtRQ2taTE4yLXpTN0VZUWRBcklBU29Nakx5dXRfQmN1RGZxbERzM1Rjd1hEbkQ4YjJ6QlBwTGM2T1dwQWJtcEc2aEhmY3dvMV9MYWdpUFRQdl9yRHJna2xuQzJQSmx1UkZKdGZnQW5QcVRnTHRsbXNyWUtaQjRVSnQwOU1tMldPSWlnUldvbEFrTXM0N2liampQRkFoQkxO?oc=5,https://news.google.com/rss/articles/CBMiuAFBVV95cUxPV0ZWVkdPYXRkenF4Yk1ISXpDZEM1VmZGQWtRQ2taTE4yLXpTN0VZUWRBcklBU29Nakx5dXRfQmN1RGZxbERzM1Rjd1hEbkQ4YjJ6QlBwTGM2T1dwQWJtcEc2aEhmY3dvMV9MYWdpUFRQdl9yRHJna2xuQzJQSmx1UkZKdGZnQW5QcVRnTHRsbXNyWUtaQjRVSnQwOU1tMldPSWlnUldvbEFrTXM0N2liampQRkFoQkxO?oc=5,,,no,yes,true,no,no,validated_not_implemented
Discovered https://news.google.com/rss/articles/CBMiugFBVV95cUxOVzRaMTJsUjR3SDBnVzdTOHYwdG1adEh6aDBEa2huQlNmbDdCazN4WlVWV0Jrang1MFRrMVRwUU5TX3RSTFFGWmlDRFZhMHJncF9fby0xVk15YUx0S3Exd0RsM2NuOHZMMkFDQzlLelJxckpKT21hWkZaalBmd29ERWxJaU5OVEZsY002Q3M3cXl3ZlFsWXJKakk5bjRNV1pyM2llMF80bDY3S3dwcVNPUklUajVqTlViQlE?oc=5,news.google.com,community,developing_incidents,tier_3,https://news.google.com/rss/articles/CBMiugFBVV95cUxOVzRaMTJsUjR3SDBnVzdTOHYwdG1adEh6aDBEa2huQlNmbDdCazN4WlVWV0Jrang1MFRrMVRwUU5TX3RSTFFGWmlDRFZhMHJncF9fby0xVk15YUx0S3Exd0RsM2NuOHZMMkFDQzlLelJxckpKT21hWkZaalBmd29ERWxJaU5OVEZsY002Q3M3cXl3ZlFsWXJKakk5bjRNV1pyM2llMF80bDY3S3dwcVNPUklUajVqTlViQlE?oc=5,https://news.google.com/rss/articles/CBMiugFBVV95cUxOVzRaMTJsUjR3SDBnVzdTOHYwdG1adEh6aDBEa2huQlNmbDdCazN4WlVWV0Jrang1MFRrMVRwUU5TX3RSTFFGWmlDRFZhMHJncF9fby0xVk15YUx0S3Exd0RsM2NuOHZMMkFDQzlLelJxckpKT21hWkZaalBmd29ERWxJaU5OVEZsY002Q3M3cXl3ZlFsWXJKakk5bjRNV1pyM2llMF80bDY3S3dwcVNPUklUajVqTlViQlE?oc=5,,,no,yes,true,no,no,validated_not_implemented
Discovered https://news.google.com/rss/articles/CBMiuwFBVV95cUxQdXJOdmEwbkhvOU9iRnhqRk9nOUVnRDR4N0hib2Z3SVNEcjlFczFMbkVBUTFxdUI3UWhhRFhBbW5tWnJnUXhXUnNwU2Yxd1I2QTl5b2FHTFFUcHdjTzlEQ0JMbUE4ZXVFOVlmOW1vZy1jdFVTcTZDVzctSVVSR3RVeVpKRU9kZzlHeFJMd2hkQWVjQTN5MUtiOGdBQmhVdnVSZ3B4RUYzdnNnNTNrUlo3UHFSbHpITVVuZGIw?oc=5,news.google.com,community,developing_incidents,tier_3,https://news.google.com/rss/articles/CBMiuwFBVV95cUxQdXJOdmEwbkhvOU9iRnhqRk9nOUVnRDR4N0hib2Z3SVNEcjlFczFMbkVBUTFxdUI3UWhhRFhBbW5tWnJnUXhXUnNwU2Yxd1I2QTl5b2FHTFFUcHdjTzlEQ0JMbUE4ZXVFOVlmOW1vZy1jdFVTcTZDVzctSVVSR3RVeVpKRU9kZzlHeFJMd2hkQWVjQTN5MUtiOGdBQmhVdnVSZ3B4RUYzdnNnNTNrUlo3UHFSbHpITVVuZGIw?oc=5,https://news.google.com/rss/articles/CBMiuwFBVV95cUxQdXJOdmEwbkhvOU9iRnhqRk9nOUVnRDR4N0hib2Z3SVNEcjlFczFMbkVBUTFxdUI3UWhhRFhBbW5tWnJnUXhXUnNwU2Yxd1I2QTl5b2FHTFFUcHdjTzlEQ0JMbUE4ZXVFOVlmOW1vZy1jdFVTcTZDVzctSVVSR3RVeVpKRU9kZzlHeFJMd2hkQWVjQTN5MUtiOGdBQmhVdnVSZ3B4RUYzdnNnNTNrUlo3UHFSbHpITVVuZGIw?oc=5,,,no,yes,true,no,no,validated_not_implemented
Discovered https://news.google.com/rss/articles/CBMivAFBVV95cUxNSjV3aFhnNXNJTEQzcDY0elVjZW0zZUh4VUZaQ2s4d1h6S25JZkUyVFdrQUdQbXV1LUZFeTd1S2tnT3NzQzBpS0M1S0ZGM0VtdzdxMUxtbUNaMDU4YnFsRC1qRHAtbG1zM2pnUnBBbDJEX2Z2d3ZBMEhBSFpNZmVoZzI4enFIaFZ1S0xJYXlEWDAyVjl4YWQ2VUFrdnF1UDRGbFVVaHZ4cHQweV91ZGx6VFgzTHVkN1JObjRCdg?oc=5,news.google.com,community,developing_incidents,tier_3,https://news.google.com/rss/articles/CBMivAFBVV95cUxNSjV3aFhnNXNJTEQzcDY0elVjZW0zZUh4VUZaQ2s4d1h6S25JZkUyVFdrQUdQbXV1LUZFeTd1S2tnT3NzQzBpS0M1S0ZGM0VtdzdxMUxtbUNaMDU4YnFsRC1qRHAtbG1zM2pnUnBBbDJEX2Z2d3ZBMEhBSFpNZmVoZzI4enFIaFZ1S0xJYXlEWDAyVjl4YWQ2VUFrdnF1UDRGbFVVaHZ4cHQweV91ZGx6VFgzTHVkN1JObjRCdg?oc=5,https://news.google.com/rss/articles/CBMivAFBVV95cUxNSjV3aFhnNXNJTEQzcDY0elVjZW0zZUh4VUZaQ2s4d1h6S25JZkUyVFdrQUdQbXV1LUZFeTd1S2tnT3NzQzBpS0M1S0ZGM0VtdzdxMUxtbUNaMDU4YnFsRC1qRHAtbG1zM2pnUnBBbDJEX2Z2d3ZBMEhBSFpNZmVoZzI4enFIaFZ1S0xJYXlEWDAyVjl4YWQ2VUFrdnF1UDRGbFVVaHZ4cHQweV91ZGx6VFgzTHVkN1JObjRCdg?oc=5,,,no,yes,true,no,no,validated_not_implemented
Discovered https://news.google.com/rss/articles/CBMiwgFBVV95cUxQMExMZkJKcGdLREc0WU5JeUwzcjZJb1dZRkFYUDFZVW5Fa25YVGNwMldLWFN4QUVXQ1pLVFlxWEJHazR3U19tQWFpUnh0bGtaYmN6NWZTekZnV3U0NG5aYVctNU1OVFNIMEY1QnFwcHN2dGtGeVpBQWJ1QUlwSTRYblhfVFc5MGd2T3BfdUlyeFNyVklXamFLaTFXQVVrQXhFS2RRNHhqRGFQTjUyMlVmX2phSFdUc2tUOEZNSnpfQXFLZw?oc=5,news.google.com,community,developing_incidents,tier_3,https://news.google.com/rss/articles/CBMiwgFBVV95cUxQMExMZkJKcGdLREc0WU5JeUwzcjZJb1dZRkFYUDFZVW5Fa25YVGNwMldLWFN4QUVXQ1pLVFlxWEJHazR3U19tQWFpUnh0bGtaYmN6NWZTekZnV3U0NG5aYVctNU1OVFNIMEY1QnFwcHN2dGtGeVpBQWJ1QUlwSTRYblhfVFc5MGd2T3BfdUlyeFNyVklXamFLaTFXQVVrQXhFS2RRNHhqRGFQTjUyMlVmX2phSFdUc2tUOEZNSnpfQXFLZw?oc=5,https://news.google.com/rss/articles/CBMiwgFBVV95cUxQMExMZkJKcGdLREc0WU5JeUwzcjZJb1dZRkFYUDFZVW5Fa25YVGNwMldLWFN4QUVXQ1pLVFlxWEJHazR3U19tQWFpUnh0bGtaYmN6NWZTekZnV3U0NG5aYVctNU1OVFNIMEY1QnFwcHN2dGtGeVpBQWJ1QUlwSTRYblhfVFc5MGd2T3BfdUlyeFNyVklXamFLaTFXQVVrQXhFS2RRNHhqRGFQTjUyMlVmX2phSFdUc2tUOEZNSnpfQXFLZw?oc=5,,,no,yes,true,no,no,validated_not_implemented
Discovered https://news.google.com/rss/articles/CBMiywFBVV95cUxQRzVMZ2xzZVZoSmlvc191NkhLU3Qtb29qaEpyTlFiZlZoa05xRy1PaHFWVnBYcjNXVE1ORUtFbzlJVFl1TDh3QVRockxhS0ZQYVgwLUk2bzM1blVzenN2Szc0ZjBzNUZwbmNsVU9UaGMtSE1CU3N1TVlOeEVhRmVIbU5vekhQOUFMRkdjUGsyc0NxbmtfbHRJTHB1QUtzczJSOEVRQVJ0c3M2YXhqVF9pbFBMamgwejFxdl9lalBmTy0xMGZWbXpiNmJzYw?oc=5,news.google.com,community,developing_incidents,tier_3,https://news.google.com/rss/articles/CBMiywFBVV95cUxQRzVMZ2xzZVZoSmlvc191NkhLU3Qtb29qaEpyTlFiZlZoa05xRy1PaHFWVnBYcjNXVE1ORUtFbzlJVFl1TDh3QVRockxhS0ZQYVgwLUk2bzM1blVzenN2Szc0ZjBzNUZwbmNsVU9UaGMtSE1CU3N1TVlOeEVhRmVIbU5vekhQOUFMRkdjUGsyc0NxbmtfbHRJTHB1QUtzczJSOEVRQVJ0c3M2YXhqVF9pbFBMamgwejFxdl9lalBmTy0xMGZWbXpiNmJzYw?oc=5,https://news.google.com/rss/articles/CBMiywFBVV95cUxQRzVMZ2xzZVZoSmlvc191NkhLU3Qtb29qaEpyTlFiZlZoa05xRy1PaHFWVnBYcjNXVE1ORUtFbzlJVFl1TDh3QVRockxhS0ZQYVgwLUk2bzM1blVzenN2Szc0ZjBzNUZwbmNsVU9UaGMtSE1CU3N1TVlOeEVhRmVIbU5vekhQOUFMRkdjUGsyc0NxbmtfbHRJTHB1QUtzczJSOEVRQVJ0c3M2YXhqVF9pbFBMamgwejFxdl9lalBmTy0xMGZWbXpiNmJzYw?oc=5,,,no,yes,true,no,no,validated_not_implemented
Discovered https://news.google.com/rss/articles/_/DotsSplashUi/manifest.json,news.google.com,community,developing_incidents,tier_3,https://news.google.com/rss/articles/_/DotsSplashUi/manifest.json,https://news.google.com/rss/articles/_/DotsSplashUi/manifest.json,,,no,yes,true,no,no,validated_not_implemented
Discovered https://oig.ssa.gov/feed.xml,oig.ssa.gov,community,developing_incidents,tier_3,https://oig.ssa.gov/feed.xml,https://oig.ssa.gov/feed.xml,,,no,yes,true,no,no,validated_not_implemented
Discovered https://oig.ssa.gov/rss,oig.ssa.gov,community,developing_incidents,tier_3,https://oig.ssa.gov/rss,https://oig.ssa.gov/rss,,,no,yes,true,no,no,validated_not_implemented
Discovered https://policereports.lexisnexis.com/,policereports.lexisnexis.com,community,developing_incidents,tier_3,https://policereports.lexisnexis.com/,,,,no,yes,true,no,no,validated_not_implemented
Discovered https://spotcrime.com/alerts/new,spotcrime.com,community,developing_incidents,tier_3,https://spotcrime.com/alerts/new,,,,no,yes,true,no,no,validated_not_implemented
Discovered https://spotcrime.com/crime/280092920-87c6b98133018ea4a5c5334de9408ebc,spotcrime.com,community,developing_incidents,tier_3,https://spotcrime.com/crime/280092920-87c6b98133018ea4a5c5334de9408ebc,,,,no,yes,true,no,no,validated_not_implemented
Discovered https://spotcrime.com/crime/280092921-f2beccba790413f097ec501785b03695,spotcrime.com,community,developing_incidents,tier_3,https://spotcrime.com/crime/280092921-f2beccba790413f097ec501785b03695,,,,no,yes,true,no,no,validated_not_implemented
Discovered https://spotcrime.com/crime/280092922-424f1dc72e845fb5ecdeeec0374d5dba,spotcrime.com,community,developing_incidents,tier_3,https://spotcrime.com/crime/280092922-424f1dc72e845fb5ecdeeec0374d5dba,,,,no,yes,true,no,no,validated_not_implemented
Discovered https://spotcrime.com/crime/280225054-48a86e970a6c4759c2d6e16aec17ce6f,spotcrime.com,community,developing_incidents,tier_3,https://spotcrime.com/crime/280225054-48a86e970a6c4759c2d6e16aec17ce6f,,,,no,yes,true,no,no,validated_not_implemented
Discovered https://spotcrime.com/crime/280574472-fc0acf1ebed4be72cacbb6b3e4162dab,spotcrime.com,community,developing_incidents,tier_3,https://spotcrime.com/crime/280574472-fc0acf1ebed4be72cacbb6b3e4162dab,,,,no,yes,true,no,no,validated_not_implemented
Discovered https://stopdwi.org/feed/,stopdwi.org,community,developing_incidents,tier_3,https://stopdwi.org/feed/,https://stopdwi.org/feed/,,,no,yes,true,no,no,validated_not_implemented
Discovered https://www.cbp.gov/newsroom,www.cbp.gov,community,developing_incidents,tier_3,https://www.cbp.gov/newsroom,,,,no,yes,true,no,no,validated_not_implemented
Discovered https://www.cbp.gov/newsroom/accountability-and-transparency,www.cbp.gov,community,developing_incidents,tier_3,https://www.cbp.gov/newsroom/accountability-and-transparency,,,,no,yes,true,no,no,validated_not_implemented
Discovered https://www.cbp.gov/newsroom/accountability-and-transparency/body-worn-camera-video-releases,www.cbp.gov,community,developing_incidents,tier_3,https://www.cbp.gov/newsroom/accountability-and-transparency/body-worn-camera-video-releases,,,,no,yes,true,no,no,validated_not_implemented
Discovered https://www.cbp.gov/newsroom/accountability-and-transparency/foia-reading-room,www.cbp.gov,community,developing_incidents,tier_3,https://www.cbp.gov/newsroom/accountability-and-transparency/foia-reading-room,,,,no,yes,true,no,no,validated_not_implemented
Discovered https://www.cbp.gov/newsroom/accountability-and-transparency/policies-procedures-and-directives,www.cbp.gov,community,developing_incidents,tier_3,https://www.cbp.gov/newsroom/accountability-and-transparency/policies-procedures-and-directives,,,,no,yes,true,no,no,validated_not_implemented
Discovered https://www.cbp.gov/newsroom/announcements,www.cbp.gov,community,developing_incidents,tier_3,https://www.cbp.gov/newsroom/announcements,,,,no,yes,true,no,no,validated_not_implemented
Discovered https://www.cbp.gov/newsroom/cbp-forms-publications-catalog,www.cbp.gov,community,developing_incidents,tier_3,https://www.cbp.gov/newsroom/cbp-forms-publications-catalog,,,,no,yes,true,no,no,validated_not_implemented
Discovered https://www.cbp.gov/newsroom/media-releases/all,www.cbp.gov,community,developing_incidents,tier_3,https://www.cbp.gov/newsroom/media-releases/all,,,,no,yes,true,no,no,validated_not_implemented
Discovered https://www.cbp.gov/newsroom/national-media-release/cbp-host-spring-virtual-career-expo,www.cbp.gov,community,developing_incidents,tier_3,https://www.cbp.gov/newsroom/national-media-release/cbp-host-spring-virtual-career-expo,,,,no,yes,true,no,no,validated_not_implemented
Discovered https://www.cbp.gov/newsroom/national-media-release/cbp-launches-paygov-us-virgin-islands-imports,www.cbp.gov,community,developing_incidents,tier_3,https://www.cbp.gov/newsroom/national-media-release/cbp-launches-paygov-us-virgin-islands-imports,,,,no,yes,true,no,no,validated_not_implemented
Discovered https://www.cbp.gov/newsroom/national-media-release/cbp-officers-seize-commercial-quantity-insecticide-juarez-lincoln,www.cbp.gov,community,developing_incidents,tier_3,https://www.cbp.gov/newsroom/national-media-release/cbp-officers-seize-commercial-quantity-insecticide-juarez-lincoln,,,,no,yes,true,no,no,validated_not_implemented
Discovered https://www.cbp.gov/newsroom/national-media-release/cbp-officers-seize-more-17-million-methamphetamine-pharr,www.cbp.gov,community,developing_incidents,tier_3,https://www.cbp.gov/newsroom/national-media-release/cbp-officers-seize-more-17-million-methamphetamine-pharr,,,,no,yes,true,no,no,validated_not_implemented
Discovered https://www.cbp.gov/newsroom/national-media-release/us-border-patrol-receives-15-horses-us-army-saving-105000,www.cbp.gov,community,developing_incidents,tier_3,https://www.cbp.gov/newsroom/national-media-release/us-border-patrol-receives-15-horses-us-army-saving-105000,,,,no,yes,true,no,no,validated_not_implemented
Discovered https://www.cbp.gov/newsroom/news/news-from-cbp,www.cbp.gov,community,developing_incidents,tier_3,https://www.cbp.gov/newsroom/news/news-from-cbp,,,,no,yes,true,no,no,validated_not_implemented
Discovered https://www.cbp.gov/newsroom/press,www.cbp.gov,community,developing_incidents,tier_3,https://www.cbp.gov/newsroom/press,,,,no,yes,true,no,no,validated_not_implemented
Discovered https://www.cbp.gov/newsroom/publications/forms,www.cbp.gov,community,developing_incidents,tier_3,https://www.cbp.gov/newsroom/publications/forms,,,,no,yes,true,no,no,validated_not_implemented
Discovered https://www.cbp.gov/newsroom/publications/general-aviation-airport-fact-sheets,www.cbp.gov,community,developing_incidents,tier_3,https://www.cbp.gov/newsroom/publications/general-aviation-airport-fact-sheets,,,,no,yes,true,no,no,validated_not_implemented
Discovered https://www.cbp.gov/newsroom/publications/performance-accountability-financial,www.cbp.gov,community,developing_incidents,tier_3,https://www.cbp.gov/newsroom/publications/performance-accountability-financial,,,,no,yes,true,no,no,validated_not_implemented
Discovered https://www.cbp.gov/newsroom/social-media-directory,www.cbp.gov,community,developing_incidents,tier_3,https://www.cbp.gov/newsroom/social-media-directory,,,,no,yes,true,no,no,validated_not_implemented
Discovered https://www.cbp.gov/newsroom/stats,www.cbp.gov,community,developing_incidents,tier_3,https://www.cbp.gov/newsroom/stats,,,,no,yes,true,no,no,validated_not_implemented
Discovered https://www.cbp.gov/newsroom/stats/cbp-enforcement-statistics,www.cbp.gov,community,developing_incidents,tier_3,https://www.cbp.gov/newsroom/stats/cbp-enforcement-statistics,,,,no,yes,true,no,no,validated_not_implemented
Discovered https://www.cbp.gov/newsroom/stats/cbp-public-data-portal,www.cbp.gov,community,developing_incidents,tier_3,https://www.cbp.gov/newsroom/stats/cbp-public-data-portal,,,,no,yes,true,no,no,validated_not_implemented
Discovered https://www.cbp.gov/newsroom/stats/custody-and-transfer-statistics,www.cbp.gov,community,developing_incidents,tier_3,https://www.cbp.gov/newsroom/stats/custody-and-transfer-statistics,,,,no,yes,true,no,no,validated_not_implemented
Discovered https://www.cbp.gov/newsroom/stats/migrant-protection-protocols,www.cbp.gov,community,developing_incidents,tier_3,https://www.cbp.gov/newsroom/stats/migrant-protection-protocols,,,,no,yes,true,no,no,validated_not_implemented
Discovered https://www.cbp.gov/newsroom/stats/nationwide-encounters,www.cbp.gov,community,developing_incidents,tier_3,https://www.cbp.gov/newsroom/stats/nationwide-encounters,,,,no,yes,true,no,no,validated_not_implemented
Discovered https://www.cbp.gov/newsroom/stats/typical-day-fy2024,www.cbp.gov,community,developing_incidents,tier_3,https://www.cbp.gov/newsroom/stats/typical-day-fy2024,,,,no,yes,true,no,no,validated_not_implemented
Discovered https://www.cbp.gov/newsroom/stats/webmetrics,www.cbp.gov,community,developing_incidents,tier_3,https://www.cbp.gov/newsroom/stats/webmetrics,,,,no,yes,true,no,no,validated_not_implemented
Discovered https://www.cohoes-ny.gov/206/Police-Forms-Center,www.cohoes-ny.gov,community,developing_incidents,tier_3,https://www.cohoes-ny.gov/206/Police-Forms-Center,,,,no,yes,true,no,no,validated_not_implemented
Discovered https://www.criminaljustice.ny.gov/crimnet/ojsa/crimereporting/index.htm,www.criminaljustice.ny.gov,community,developing_incidents,tier_3,https://www.criminaljustice.ny.gov/crimnet/ojsa/crimereporting/index.htm,,,,no,yes,true,no,no,validated_not_implemented
Discovered https://www.criminaljustice.ny.gov/css/public-safety.css,www.criminaljustice.ny.gov,community,developing_incidents,tier_3,https://www.criminaljustice.ny.gov/css/public-safety.css,,,,no,yes,true,no,no,validated_not_implemented
Discovered https://www.criminaljustice.ny.gov/pio/pressj.htm,www.criminaljustice.ny.gov,community,developing_incidents,tier_3,https://www.criminaljustice.ny.gov/pio/pressj.htm,,,,no,yes,true,no,no,validated_not_implemented
Discovered https://www.dhs.gov/news-releases/press-releases,www.dhs.gov,community,developing_incidents,tier_3,https://www.dhs.gov/news-releases/press-releases,,,,no,yes,true,no,no,validated_not_implemented
Discovered https://www.ice.gov/RSS,www.ice.gov,community,developing_incidents,tier_3,https://www.ice.gov/RSS,https://www.ice.gov/RSS,,,no,yes,true,no,no,validated_not_implemented
Discovered https://www.ice.gov/newsroom,www.ice.gov,community,developing_incidents,tier_3,https://www.ice.gov/newsroom,,,,no,yes,true,no,no,validated_not_implemented
Discovered https://www.irs.gov/newsroom,www.irs.gov,community,developing_incidents,tier_3,https://www.irs.gov/newsroom,,,,no,yes,true,no,no,validated_not_implemented
Discovered https://www.irs.gov/newsroom/general-overview-of-taxpayer-reliance-on-guidance-published-in-the-internal-revenue-bulletin-and-faqs,www.irs.gov,community,developing_incidents,tier_3,https://www.irs.gov/newsroom/general-overview-of-taxpayer-reliance-on-guidance-published-in-the-internal-revenue-bulletin-and-faqs,,,,no,yes,true,no,no,validated_not_implemented
Discovered https://www.linkedin.com/company/feedly,www.linkedin.com,community,developing_incidents,tier_3,https://www.linkedin.com/company/feedly,https://www.linkedin.com/company/feedly,,,no,yes,true,no,no,validated_not_implemented
Discovered https://www.osc.ny.gov/press,www.osc.ny.gov,community,developing_incidents,tier_3,https://www.osc.ny.gov/press,,,,no,yes,true,no,no,validated_not_implemented
Discovered https://www.osc.ny.gov/press/releases/2026/03/dinapoli-246900-average-bonus-on-wall-street-up-6-percent-in-2025,www.osc.ny.gov,community,developing_incidents,tier_3,https://www.osc.ny.gov/press/releases/2026/03/dinapoli-246900-average-bonus-on-wall-street-up-6-percent-in-2025,,,,no,yes,true,no,no,validated_not_implemented
Discovered https://www.reddit.com/r/Albany/comments/1ry5djk/police_presence_at_child_time_daycare_in_colonie/,www.reddit.com,community,developing_incidents,tier_3,https://www.reddit.com/r/Albany/comments/1ry5djk/police_presence_at_child_time_daycare_in_colonie/,,,,no,yes,true,no,no,validated_not_implemented
Discovered https://www.secretservice.gov/newsroom/behind-the-shades,www.secretservice.gov,community,developing_incidents,tier_3,https://www.secretservice.gov/newsroom/behind-the-shades,,,,no,yes,true,no,no,validated_not_implemented
Discovered https://www.secretservice.gov/newsroom/funding-lapse,www.secretservice.gov,community,developing_incidents,tier_3,https://www.secretservice.gov/newsroom/funding-lapse,,,,no,yes,true,no,no,validated_not_implemented
Discovered https://www.secretservice.gov/newsroom/releases,www.secretservice.gov,community,developing_incidents,tier_3,https://www.secretservice.gov/newsroom/releases,,,,no,yes,true,no,no,validated_not_implemented
Discovered https://www.secretservice.gov/newsroom/releases/2026/02/enhanced-security-postures-near-secret-service-protected-sites,www.secretservice.gov,community,developing_incidents,tier_3,https://www.secretservice.gov/newsroom/releases/2026/02/enhanced-security-postures-near-secret-service-protected-sites,,,,no,yes,true,no,no,validated_not_implemented
Discovered https://www.secretservice.gov/newsroom/social-media,www.secretservice.gov,community,developing_incidents,tier_3,https://www.secretservice.gov/newsroom/social-media,,,,no,yes,true,no,no,validated_not_implemented
Discovered https://www.secretservice.gov/newsroom/speeches-testimony,www.secretservice.gov,community,developing_incidents,tier_3,https://www.secretservice.gov/newsroom/speeches-testimony,,,,no,yes,true,no,no,validated_not_implemented
Discovered https://www.secretservice.gov/newsroom/videos,www.secretservice.gov,community,developing_incidents,tier_3,https://www.secretservice.gov/newsroom/videos,,,,no,yes,true,no,no,validated_not_implemented
Discovered https://www.siena.edu/offices/public-safety/report-a-crime/,www.siena.edu,community,developing_incidents,tier_3,https://www.siena.edu/offices/public-safety/report-a-crime/,,,,no,yes,true,no,no,validated_not_implemented
Discovered https://www.tax.ny.gov/about/feedback.htm,www.tax.ny.gov,community,developing_incidents,tier_3,https://www.tax.ny.gov/about/feedback.htm,https://www.tax.ny.gov/about/feedback.htm,,,no,yes,true,no,no,validated_not_implemented
Discovered https://www.tax.ny.gov/press/,www.tax.ny.gov,community,developing_incidents,tier_3,https://www.tax.ny.gov/press/,,,,no,yes,true,no,no,validated_not_implemented
Discovered https://www.townofbethlehem.org/878/Police-Reform-and-Reinvention-Collaborat,www.townofbethlehem.org,community,developing_incidents,tier_3,https://www.townofbethlehem.org/878/Police-Reform-and-Reinvention-Collaborat,,,,no,yes,true,no,no,validated_not_implemented
Discovered https://www.townofbethlehem.org/FormCenter/Police-Department-10/Police-Interaction-Response-Form-68,www.townofbethlehem.org,community,developing_incidents,tier_3,https://www.townofbethlehem.org/FormCenter/Police-Department-10/Police-Interaction-Response-Form-68,,,,no,yes,true,no,no,validated_not_implemented
Discovered https://www.townofbethlehem.org/rss.aspx,www.townofbethlehem.org,community,developing_incidents,tier_3,https://www.townofbethlehem.org/rss.aspx,https://www.townofbethlehem.org/rss.aspx,,,no,yes,true,no,no,validated_not_implemented
Discovered https://www.uspis.gov/press-kit,www.uspis.gov,community,developing_incidents,tier_3,https://www.uspis.gov/press-kit,,,,no,yes,true,no,no,validated_not_implemented
Nixle — Albany County Agencies,Nixle — Albany County Agencies,community,developing_incidents,tier_3,https://local.nixle.com/county/ny/albany/municipal/,,,,no,yes,true,no,no,validated_not_implemented
Albany County STOP DWI Program,Albany County STOP DWI Program,county,official_updates,tier_1,https://stopdwi.org/county-albany-left/,,,,no,yes,true,no,no,validated_not_implemented
U.S. Attorney's Office — Northern District of New York,U.S. Attorney's Office — Northern District of New York,courts,trends_context,tier_3,https://www.justice.gov/usao-ndny,,,https://twitter.com/NDNYnews,no,yes,true,no,no,validated_not_implemented
Daily Voice Albany Feed,Daily Voice Albany Feed,digital_only_news,verified_incidents,tier_2,https://dailyvoice.com/ny/albany/feed/,https://dailyvoice.com/ny/albany/feed/,,,no,yes,true,no,no,validated_not_implemented
Discovered https://patch.com/new-york/albany-ny/police-fire,patch.com,digital_only_news,verified_incidents,tier_2,https://patch.com/new-york/albany-ny/police-fire,,,,no,yes,true,no,no,validated_not_implemented
Discovered https://spotlightnews.com/spotlightnews/news/crime/albany-man-faces-felony-other-charges-for-alleged-fight-at-longhorn-steakhouse/article_372eb25a-3e27-454b-b5c3-fbc216f44a8d.html,spotlightnews.com,digital_only_news,verified_incidents,tier_2,https://spotlightnews.com/spotlightnews/news/crime/albany-man-faces-felony-other-charges-for-alleged-fight-at-longhorn-steakhouse/article_372eb25a-3e27-454b-b5c3-fbc216f44a8d.html,,,,no,yes,true,no,no,validated_not_implemented
Discovered https://spotlightnews.com/spotlightnews/news/crime/albany-woman-arrested-for-larceny-at-walmart/article_e95d39ad-8bb8-4f1c-82f6-f41c6b97b66e.html,spotlightnews.com,digital_only_news,verified_incidents,tier_2,https://spotlightnews.com/spotlightnews/news/crime/albany-woman-arrested-for-larceny-at-walmart/article_e95d39ad-8bb8-4f1c-82f6-f41c6b97b66e.html,,,,no,yes,true,no,no,validated_not_implemented
Discovered https://spotlightnews.com/spotlightnews/news/crime/bethlehem-man-arrested-child-sex-abuse-material/article_2ec6b6af-870b-4938-86d8-01145e95bf05.html,spotlightnews.com,digital_only_news,verified_incidents,tier_2,https://spotlightnews.com/spotlightnews/news/crime/bethlehem-man-arrested-child-sex-abuse-material/article_2ec6b6af-870b-4938-86d8-01145e95bf05.html,,,,no,yes,true,no,no,validated_not_implemented
Discovered https://spotlightnews.com/spotlightnews/news/crime/bethlehem-police-charge-two-men-with-dwis-in-separate-incidents/article_9e55c3f0-36e2-4f8b-8d3b-dd9970a8313d.html,spotlightnews.com,digital_only_news,verified_incidents,tier_2,https://spotlightnews.com/spotlightnews/news/crime/bethlehem-police-charge-two-men-with-dwis-in-separate-incidents/article_9e55c3f0-36e2-4f8b-8d3b-dd9970a8313d.html,,,,no,yes,true,no,no,validated_not_implemented
Discovered https://spotlightnews.com/spotlightnews/news/crime/colonie-longhorn-steakhouse-arrests/article_8e28db72-fc4a-48bf-a1c2-873039c1bf8f.html,spotlightnews.com,digital_only_news,verified_incidents,tier_2,https://spotlightnews.com/spotlightnews/news/crime/colonie-longhorn-steakhouse-arrests/article_8e28db72-fc4a-48bf-a1c2-873039c1bf8f.html,,,,no,yes,true,no,no,validated_not_implemented
Discovered https://spotlightnews.com/spotlightnews/news/crime/watervliet-man-allegedly-tried-to-steal-property-worth-50k/article_1c6fb7fb-1d80-4e0a-a1d2-42b33db5805d.html,spotlightnews.com,digital_only_news,verified_incidents,tier_2,https://spotlightnews.com/spotlightnews/news/crime/watervliet-man-allegedly-tried-to-steal-property-worth-50k/article_1c6fb7fb-1d80-4e0a-a1d2-42b33db5805d.html,,,,no,yes,true,no,no,validated_not_implemented
Patch Albany RSS,Patch Albany RSS,digital_only_news,verified_incidents,tier_2,https://patch.com/new-york/albany-ny/posts.rss,https://patch.com/new-york/albany-ny/posts.rss,,,no,yes,true,no,no,validated_not_implemented
Patch Bethlehem RSS,Patch Bethlehem RSS,digital_only_news,verified_incidents,tier_2,https://patch.com/new-york/bethlehem-ny/posts.rss,https://patch.com/new-york/bethlehem-ny/posts.rss,,,no,yes,true,no,no,validated_not_implemented
Patch Colonie RSS,Patch Colonie RSS,digital_only_news,verified_incidents,tier_2,https://patch.com/new-york/colonie-ny/posts.rss,https://patch.com/new-york/colonie-ny/posts.rss,,,no,yes,true,no,no,validated_not_implemented
Patch Guilderland RSS,Patch Guilderland RSS,digital_only_news,verified_incidents,tier_2,https://patch.com/new-york/guilderland-ny/posts.rss,https://patch.com/new-york/guilderland-ny/posts.rss,,,no,yes,true,no,no,validated_not_implemented
Patch.com — Albany / Colonie / Bethlehem editions,Patch.com — Albany / Colonie / Bethlehem editions,digital_only_news,verified_incidents,tier_2,https://patch.com/new-york/albany-ny,,,,no,yes,true,no,no,validated_not_implemented
Spotlight News,Spotlight News,digital_only_news,verified_incidents,tier_2,https://spotlightnews.com/,,,https://www.facebook.com/spotlight.newspapers,no,yes,true,no,no,validated_not_implemented
The Altamont Enterprise & Albany County Post,The Altamont Enterprise & Albany County Post,digital_only_news,verified_incidents,tier_2,https://altamontenterprise.com/,,,https://www.facebook.com/altamontenterprise,no,yes,true,no,no,validated_not_implemented
Discovered https://www.justice.gov/news/press-releases,www.justice.gov,federal,official_updates,tier_1,https://www.justice.gov/news/press-releases,,,,no,yes,true,no,no,validated_not_implemented
Discovered https://www.justice.gov/usao-ndny/police-week-2020,www.justice.gov,federal,official_updates,tier_1,https://www.justice.gov/usao-ndny/police-week-2020,,,,no,yes,true,no,no,validated_not_implemented
Federal Protective Service — DHS Region 2,Federal Protective Service — DHS Region 2,federal,official_updates,tier_1,https://www.dhs.gov/federal-protective-service,,,,no,yes,true,no,no,validated_not_implemented
ICE/HSI — Albany Sub-Office (Buffalo Field Office),ICE/HSI — Albany Sub-Office (Buffalo Field Office),federal,official_updates,tier_1,https://www.ice.gov/,,,https://twitter.com/ICEgov,no,yes,true,no,no,validated_not_implemented
IRS Criminal Investigation — New York Field Office (Albany agents),IRS Criminal Investigation — New York Field Office (Albany agents),federal,official_updates,tier_1,https://www.irs.gov/compliance/criminal-investigation,,,https://twitter.com/IRS_CI,no,yes,true,no,no,validated_not_implemented
SSA Office of Inspector General,SSA Office of Inspector General,federal,official_updates,tier_1,https://oig.ssa.gov/,,,https://twitter.com/TheSSAOIG,no,yes,true,no,no,validated_not_implemented
U.S. Customs and Border Protection — Albany Port of Entry,U.S. Customs and Border Protection — Albany Port of Entry,federal,official_updates,tier_1,https://www.cbp.gov/,,,https://twitter.com/CBP,no,yes,true,no,no,validated_not_implemented
U.S. Postal Inspection Service — Boston Division (Albany domicile),U.S. Postal Inspection Service — Boston Division (Albany domicile),federal,official_updates,tier_1,https://www.uspis.gov/,,,https://twitter.com/USPISgov,no,yes,true,no,no,validated_not_implemented
U.S. Probation Office — NDNY (Albany Division),U.S. Probation Office — NDNY (Albany Division),federal,official_updates,tier_1,https://www.nynp.uscourts.gov/,,,,no,yes,true,no,no,validated_not_implemented
U.S. Secret Service — Albany Field Office,U.S. Secret Service — Albany Field Office,federal,official_updates,tier_1,https://www.secretservice.gov/,,,https://twitter.com/SecretService,no,yes,true,no,no,validated_not_implemented
VA Police — Samuel S. Stratton VA Medical Center,VA Police — Samuel S. Stratton VA Medical Center,federal,official_updates,tier_1,https://www.va.gov/albany-health-care/va-police/,,,https://www.facebook.com/VAAlbany,no,yes,true,no,no,validated_not_implemented
Watervliet Arsenal — Military Police / Security,Watervliet Arsenal — Military Police / Security,federal,official_updates,tier_1,https://wva.army.mil/,,,https://www.facebook.com/WatervlietArsenal/,no,yes,true,no,no,validated_not_implemented
Albany Police Department,Albany Police Department,municipal,official_updates,tier_1,https://www.albanyny.gov/348/Albany-Police,,,,no,yes,true,no,no,validated_not_implemented
City of Cohoes Police Department,City of Cohoes Police Department,municipal,official_updates,tier_1,https://www.cohoes-ny.gov/534/Police-Department,,,https://www.facebook.com/CohoesPD,no,yes,true,no,no,validated_not_implemented
Discovered https://www.albanyny.gov/363/Police-Hiring-Employment,www.albanyny.gov,municipal,official_updates,tier_1,https://www.albanyny.gov/363/Police-Hiring-Employment,,,,no,yes,true,no,no,validated_not_implemented
Discovered https://www.albanyny.gov/372/Police-Athletic-League,www.albanyny.gov,municipal,official_updates,tier_1,https://www.albanyny.gov/372/Police-Athletic-League,,,,no,yes,true,no,no,validated_not_implemented
Discovered https://www.albanyny.gov/RSSFeed.aspx?ModID=76&CID=All-0,www.albanyny.gov,municipal,official_updates,tier_1,https://www.albanyny.gov/RSSFeed.aspx?ModID=76&CID=All-0,https://www.albanyny.gov/RSSFeed.aspx?ModID=76&CID=All-0,,,no,yes,true,no,no,validated_not_implemented
Village of Menands Police Department,Village of Menands Police Department,municipal,official_updates,tier_1,https://menandsny.gov/departments/police/,,,https://www.facebook.com/mpd.gov,no,yes,true,no,no,validated_not_implemented
Daily Gazette,Daily Gazette,newspapers,verified_incidents,tier_2,https://www.dailygazette.com/,,,https://twitter.com/DailyGazette,no,yes,true,no,no,validated_not_implemented
Times Union,Times Union,newspapers,verified_incidents,tier_2,https://www.timesunion.com/,,,https://twitter.com/timesunion,no,yes,true,no,no,validated_not_implemented
Albany Housing Authority — Security,Albany Housing Authority — Security,official_press,official_updates,tier_1,http://www.albanyhousing.org/departments/security,,,,no,yes,true,no,no,validated_not_implemented
CDTA Transit Enforcement / Ambassador Program,CDTA Transit Enforcement / Ambassador Program,official_press,official_updates,tier_1,https://www.cdta.org/,,,https://www.facebook.com/RideCDTA,no,yes,true,no,no,validated_not_implemented
CSX Railroad Police,CSX Railroad Police,official_press,official_updates,tier_1,https://www.csx.com/,,,,no,yes,true,no,no,validated_not_implemented
Albany Police Facebook,Albany Police Facebook,official_social,developing_incidents,tier_3,https://www.facebook.com/AlbanyNYPolice,,,https://www.facebook.com/AlbanyNYPolice,no,yes,true,no,no,validated_not_implemented
Albany Police X,Albany Police X,official_social,developing_incidents,tier_3,https://twitter.com/albanypolice,,,https://twitter.com/albanypolice,no,yes,true,no,no,validated_not_implemented
Bethlehem PD X,Bethlehem PD X,official_social,developing_incidents,tier_3,https://twitter.com/PdBethlehem,,,https://twitter.com/PdBethlehem,no,yes,true,no,no,validated_not_implemented
Colonie PD X,Colonie PD X,official_social,developing_incidents,tier_3,https://twitter.com/colonie_police,,,https://twitter.com/colonie_police,no,yes,true,no,no,validated_not_implemented
Discovered https://seeclickfix.com/albany_2.rss,seeclickfix.com,official_social,developing_incidents,tier_3,https://seeclickfix.com/albany_2.rss,https://seeclickfix.com/albany_2.rss,,https://seeclickfix.com/albany_2.rss,no,yes,true,no,no,validated_not_implemented
Discovered https://twitter.com/feedly,twitter.com,official_social,developing_incidents,tier_3,https://twitter.com/feedly,https://twitter.com/feedly,,https://twitter.com/feedly,no,yes,true,no,no,validated_not_implemented
Discovered https://www.facebook.com/crimemap,www.facebook.com,official_social,developing_incidents,tier_3,https://www.facebook.com/crimemap,,,https://www.facebook.com/crimemap,no,yes,true,no,no,validated_not_implemented
Guilderland PD X,Guilderland PD X,official_social,developing_incidents,tier_3,https://twitter.com/guilderlandpd,,,https://twitter.com/guilderlandpd,no,yes,true,no,no,validated_not_implemented
NYSP X,NYSP X,official_social,developing_incidents,tier_3,https://twitter.com/nyspolice,,,https://twitter.com/nyspolice,no,yes,true,no,no,validated_not_implemented
SeeClickFix — Albany,SeeClickFix — Albany,official_social,developing_incidents,tier_3,https://seeclickfix.com/albany_2/report,,,,no,yes,true,no,no,validated_not_implemented
Discovered https://www.wamc.org/index.rss,www.wamc.org,radio,verified_incidents,tier_2,https://www.wamc.org/index.rss,https://www.wamc.org/index.rss,,,no,yes,true,no,no,validated_not_implemented
Discovered https://www.wamc.org/news.rss,www.wamc.org,radio,verified_incidents,tier_2,https://www.wamc.org/news.rss,https://www.wamc.org/news.rss,,,no,yes,true,no,no,validated_not_implemented
WAMC 90.3 FM Northeast Public Radio,WAMC 90.3 FM Northeast Public Radio,radio,verified_incidents,tier_2,https://www.wamc.org/,,,https://twitter.com/WAMCRadio,no,yes,true,no,no,validated_not_implemented
WAMC News,WAMC News,radio,verified_incidents,tier_2,https://www.wamc.org/news,,,,no,yes,true,no,no,validated_not_implemented
Broadcastify Albany County,Broadcastify Albany County,scanner,developing_incidents,tier_3,https://www.broadcastify.com/listen/ctid/1825,,,,no,yes,true,no,no,validated_not_implemented
Discovered https://m.broadcastify.com/listen/feed/1440,m.broadcastify.com,scanner,developing_incidents,tier_3,https://m.broadcastify.com/listen/feed/1440,https://m.broadcastify.com/listen/feed/1440,,,no,yes,true,no,no,validated_not_implemented
Discovered https://m.broadcastify.com/listen/feed/21216,m.broadcastify.com,scanner,developing_incidents,tier_3,https://m.broadcastify.com/listen/feed/21216,https://m.broadcastify.com/listen/feed/21216,,,no,yes,true,no,no,validated_not_implemented
Discovered https://m.broadcastify.com/listen/feed/32602,m.broadcastify.com,scanner,developing_incidents,tier_3,https://m.broadcastify.com/listen/feed/32602,https://m.broadcastify.com/listen/feed/32602,,,no,yes,true,no,no,validated_not_implemented
Discovered https://m.broadcastify.com/listen/feed/3469,m.broadcastify.com,scanner,developing_incidents,tier_3,https://m.broadcastify.com/listen/feed/3469,https://m.broadcastify.com/listen/feed/3469,,,no,yes,true,no,no,validated_not_implemented
Discovered https://m.broadcastify.com/listen/feed/3626,m.broadcastify.com,scanner,developing_incidents,tier_3,https://m.broadcastify.com/listen/feed/3626,https://m.broadcastify.com/listen/feed/3626,,,no,yes,true,no,no,validated_not_implemented
Discovered https://m.broadcastify.com/listen/feed/36327,m.broadcastify.com,scanner,developing_incidents,tier_3,https://m.broadcastify.com/listen/feed/36327,https://m.broadcastify.com/listen/feed/36327,,,no,yes,true,no,no,validated_not_implemented
Discovered https://m.broadcastify.com/listen/feed/37206,m.broadcastify.com,scanner,developing_incidents,tier_3,https://m.broadcastify.com/listen/feed/37206,https://m.broadcastify.com/listen/feed/37206,,,no,yes,true,no,no,validated_not_implemented
Discovered https://m.broadcastify.com/listen/feed/39065,m.broadcastify.com,scanner,developing_incidents,tier_3,https://m.broadcastify.com/listen/feed/39065,https://m.broadcastify.com/listen/feed/39065,,,no,yes,true,no,no,validated_not_implemented
Discovered https://m.broadcastify.com/listen/feed/45385,m.broadcastify.com,scanner,developing_incidents,tier_3,https://m.broadcastify.com/listen/feed/45385,https://m.broadcastify.com/listen/feed/45385,,,no,yes,true,no,no,validated_not_implemented
Discovered https://m.broadcastify.com/listen/feed/45393,m.broadcastify.com,scanner,developing_incidents,tier_3,https://m.broadcastify.com/listen/feed/45393,https://m.broadcastify.com/listen/feed/45393,,,no,yes,true,no,no,validated_not_implemented
Discovered https://www.broadcastify.com/listen/feed/1440,www.broadcastify.com,scanner,developing_incidents,tier_3,https://www.broadcastify.com/listen/feed/1440,https://www.broadcastify.com/listen/feed/1440,,,no,yes,true,no,no,validated_not_implemented
Discovered https://www.broadcastify.com/listen/feed/21216,www.broadcastify.com,scanner,developing_incidents,tier_3,https://www.broadcastify.com/listen/feed/21216,https://www.broadcastify.com/listen/feed/21216,,,no,yes,true,no,no,validated_not_implemented
Discovered https://www.broadcastify.com/listen/feed/27776,www.broadcastify.com,scanner,developing_incidents,tier_3,https://www.broadcastify.com/listen/feed/27776,https://www.broadcastify.com/listen/feed/27776,,,no,yes,true,no,no,validated_not_implemented
Discovered https://www.broadcastify.com/listen/feed/31613,www.broadcastify.com,scanner,developing_incidents,tier_3,https://www.broadcastify.com/listen/feed/31613,https://www.broadcastify.com/listen/feed/31613,,,no,yes,true,no,no,validated_not_implemented
Discovered https://www.broadcastify.com/listen/feed/32602,www.broadcastify.com,scanner,developing_incidents,tier_3,https://www.broadcastify.com/listen/feed/32602,https://www.broadcastify.com/listen/feed/32602,,,no,yes,true,no,no,validated_not_implemented
Discovered https://www.broadcastify.com/listen/feed/3469,www.broadcastify.com,scanner,developing_incidents,tier_3,https://www.broadcastify.com/listen/feed/3469,https://www.broadcastify.com/listen/feed/3469,,,no,yes,true,no,no,validated_not_implemented
Discovered https://www.broadcastify.com/listen/feed/36253,www.broadcastify.com,scanner,developing_incidents,tier_3,https://www.broadcastify.com/listen/feed/36253,https://www.broadcastify.com/listen/feed/36253,,,no,yes,true,no,no,validated_not_implemented
Discovered https://www.broadcastify.com/listen/feed/36311,www.broadcastify.com,scanner,developing_incidents,tier_3,https://www.broadcastify.com/listen/feed/36311,https://www.broadcastify.com/listen/feed/36311,,,no,yes,true,no,no,validated_not_implemented
Discovered https://www.broadcastify.com/listen/feed/36327,www.broadcastify.com,scanner,developing_incidents,tier_3,https://www.broadcastify.com/listen/feed/36327,https://www.broadcastify.com/listen/feed/36327,,,no,yes,true,no,no,validated_not_implemented
Discovered https://www.broadcastify.com/listen/feed/36793,www.broadcastify.com,scanner,developing_incidents,tier_3,https://www.broadcastify.com/listen/feed/36793,https://www.broadcastify.com/listen/feed/36793,,,no,yes,true,no,no,validated_not_implemented
Discovered https://www.broadcastify.com/listen/feed/36926,www.broadcastify.com,scanner,developing_incidents,tier_3,https://www.broadcastify.com/listen/feed/36926,https://www.broadcastify.com/listen/feed/36926,,,no,yes,true,no,no,validated_not_implemented
Discovered https://www.broadcastify.com/listen/feed/37206,www.broadcastify.com,scanner,developing_incidents,tier_3,https://www.broadcastify.com/listen/feed/37206,https://www.broadcastify.com/listen/feed/37206,,,no,yes,true,no,no,validated_not_implemented
Discovered https://www.broadcastify.com/listen/feed/37640,www.broadcastify.com,scanner,developing_incidents,tier_3,https://www.broadcastify.com/listen/feed/37640,https://www.broadcastify.com/listen/feed/37640,,,no,yes,true,no,no,validated_not_implemented
Discovered https://www.broadcastify.com/listen/feed/37641,www.broadcastify.com,scanner,developing_incidents,tier_3,https://www.broadcastify.com/listen/feed/37641,https://www.broadcastify.com/listen/feed/37641,,,no,yes,true,no,no,validated_not_implemented
Discovered https://www.broadcastify.com/listen/feed/38236,www.broadcastify.com,scanner,developing_incidents,tier_3,https://www.broadcastify.com/listen/feed/38236,https://www.broadcastify.com/listen/feed/38236,,,no,yes,true,no,no,validated_not_implemented
Discovered https://www.broadcastify.com/listen/feed/39065,www.broadcastify.com,scanner,developing_incidents,tier_3,https://www.broadcastify.com/listen/feed/39065,https://www.broadcastify.com/listen/feed/39065,,,no,yes,true,no,no,validated_not_implemented
Discovered https://www.broadcastify.com/listen/feed/45171,www.broadcastify.com,scanner,developing_incidents,tier_3,https://www.broadcastify.com/listen/feed/45171,https://www.broadcastify.com/listen/feed/45171,,,no,yes,true,no,no,validated_not_implemented
Discovered https://www.broadcastify.com/listen/feed/45359,www.broadcastify.com,scanner,developing_incidents,tier_3,https://www.broadcastify.com/listen/feed/45359,https://www.broadcastify.com/listen/feed/45359,,,no,yes,true,no,no,validated_not_implemented
Discovered https://www.broadcastify.com/listen/feed/45385,www.broadcastify.com,scanner,developing_incidents,tier_3,https://www.broadcastify.com/listen/feed/45385,https://www.broadcastify.com/listen/feed/45385,,,no,yes,true,no,no,validated_not_implemented
Discovered https://www.broadcastify.com/listen/feed/45393,www.broadcastify.com,scanner,developing_incidents,tier_3,https://www.broadcastify.com/listen/feed/45393,https://www.broadcastify.com/listen/feed/45393,,,no,yes,true,no,no,validated_not_implemented
Discovered https://www.broadcastify.com/listen/feed/45998,www.broadcastify.com,scanner,developing_incidents,tier_3,https://www.broadcastify.com/listen/feed/45998,https://www.broadcastify.com/listen/feed/45998,,,no,yes,true,no,no,validated_not_implemented
RadioReference Albany County,RadioReference Albany County,scanner,developing_incidents,tier_3,https://www.radioreference.com/db/browse/ctid/1825,,,,no,yes,true,no,no,validated_not_implemented
Discovered https://publicapps.troopers.ny.gov/resources/css/nys-brand/public-safety.css,publicapps.troopers.ny.gov,state,official_updates,tier_1,https://publicapps.troopers.ny.gov/resources/css/nys-brand/public-safety.css,,,,no,yes,true,no,no,validated_not_implemented
NYS Comptroller's Office — Investigations Division,NYS Comptroller's Office — Investigations Division,state,official_updates,tier_1,https://www.osc.ny.gov/,,,,no,yes,true,no,no,validated_not_implemented
NYS Dept. of Taxation and Finance — Criminal Investigations Division,NYS Dept. of Taxation and Finance — Criminal Investigations Division,state,official_updates,tier_1,https://www.tax.ny.gov/,,,https://twitter.com/NYSTaxDept,no,yes,true,no,no,validated_not_implemented
NYS Division of Criminal Justice Services,NYS Division of Criminal Justice Services,state,official_updates,tier_1,https://www.criminaljustice.ny.gov/,,,https://twitter.com/NYSDCJS,no,yes,true,no,no,validated_not_implemented
NYS Office of the Attorney General — Criminal Justice Division,NYS Office of the Attorney General — Criminal Justice Division,state,official_updates,tier_1,https://ag.ny.gov/,,,https://www.facebook.com/newyorkstateag,no,yes,true,no,no,validated_not_implemented
511NY Developers Docs,511NY Developers Docs,traffic,trends_context,tier_3,https://511ny.org/developers/doc,,,,no,yes,true,no,no,validated_not_implemented
Discovered https://511ny.org/List/Alerts,511ny.org,traffic,trends_context,tier_3,https://511ny.org/List/Alerts,,,,no,yes,true,no,no,validated_not_implemented
CBS6 Albany / WRGB,CBS6 Albany / WRGB,tv_news,verified_incidents,tier_2,https://cbs6albany.com/,,,https://twitter.com/CBS6Albany,no,yes,true,no,no,validated_not_implemented
CBS6 News RSS,CBS6 News RSS,tv_news,verified_incidents,tier_2,https://cbs6albany.com/news.rss,https://cbs6albany.com/news.rss,,,no,yes,true,no,no,validated_not_implemented
Discovered https://spectrumlocalnews.com/nys/capital-region/public-safety,spectrumlocalnews.com,tv_news,verified_incidents,tier_2,https://spectrumlocalnews.com/nys/capital-region/public-safety,,,,no,yes,true,no,no,validated_not_implemented
Discovered https://spectrumlocalnews.com/nys/capital-region/rss,spectrumlocalnews.com,tv_news,verified_incidents,tier_2,https://spectrumlocalnews.com/nys/capital-region/rss,https://spectrumlocalnews.com/nys/capital-region/rss,,,no,yes,true,no,no,validated_not_implemented
Discovered https://wnyt.com/top-stories/police-wrong-way-driver-causes-head-on-crash-on-i-787-in-albany/,wnyt.com,tv_news,verified_incidents,tier_2,https://wnyt.com/top-stories/police-wrong-way-driver-causes-head-on-crash-on-i-787-in-albany/,,,,no,yes,true,no,no,validated_not_implemented
NEWS10 Local Feed,NEWS10 Local Feed,tv_news,verified_incidents,tier_2,https://www.news10.com/news/local-news/feed/,https://www.news10.com/news/local-news/feed/,,,no,yes,true,no,no,validated_not_implemented
Spectrum News 1 Capital Region,Spectrum News 1 Capital Region,tv_news,verified_incidents,tier_2,https://spectrumlocalnews.com/nys/capital-region,,,https://twitter.com/SpectrumNews1CR,no,yes,true,no,no,validated_not_implemented
Spectrum Public Safety RSS,Spectrum Public Safety RSS,tv_news,verified_incidents,tier_2,https://spectrumlocalnews.com/services/contentfeed.nys/capital-region/public-safety.rss,https://spectrumlocalnews.com/services/contentfeed.nys/capital-region/public-safety.rss,,,no,yes,true,no,no,validated_not_implemented
WNYT NewsChannel 13,WNYT NewsChannel 13,tv_news,verified_incidents,tier_2,https://wnyt.com/,,,https://twitter.com/WNYT,no,yes,true,no,no,validated_not_implemented
Discovered https://police.albany.edu/IETS/2016Reassessment.pdf,police.albany.edu,campus,trends_context,tier_3,https://police.albany.edu/IETS/2016Reassessment.pdf,,,,no,no,false,no,no,discovered_unvalidated
Citizen App,Citizen App,community,developing_incidents,tier_3,,,,,no,no,false,no,no,discovered_unvalidated
Ring Neighbors,Ring Neighbors,community,developing_incidents,tier_3,,,,,no,no,false,no,no,discovered_unvalidated
Ravena News-Herald,Ravena News-Herald,digital_only_news,verified_incidents,tier_2,,,,,no,no,false,no,no,discovered_unvalidated
Spotlight Crime Feed,Spotlight Crime Feed,digital_only_news,verified_incidents,tier_2,https://spotlightnews.com/category/news/crime-and-police/feed/,https://spotlightnews.com/category/news/crime-and-police/feed/,,,no,no,false,no,no,discovered_unvalidated
Spotlight News Feed,Spotlight News Feed,digital_only_news,verified_incidents,tier_2,https://spotlightnews.com/feed/,https://spotlightnews.com/feed/,,,no,no,false,no,no,discovered_unvalidated
FBI Crime Data Explorer API,FBI Crime Data Explorer API,federal,official_updates,tier_1,https://api.usa.gov/crime/fbi/sapi,,,,no,no,false,no,no,discovered_unvalidated
Albany Community Police Review Board,Albany Community Police Review Board,municipal,official_updates,tier_1,https://www.albanyny.gov/Government/Boards-Commissions/Community-Police-Review-Board,,,,no,no,false,no,no,discovered_unvalidated
Times Union Local Feed,Times Union Local Feed,newspapers,verified_incidents,tier_2,https://www.timesunion.com/local/feed/,https://www.timesunion.com/local/feed/,,,no,no,false,no,no,discovered_unvalidated
Discovered https://www.albany.edu/police,www.albany.edu,campus,trends_context,tier_3,https://www.albany.edu/police,,,,no,yes,true,yes,no,duplicate_url
University at Albany (SUNY) — University Police Department,University at Albany (SUNY) — University Police Department,campus,trends_context,tier_3,https://www.albany.edu/police,,,https://www.facebook.com/UAlbanyUPD/,no,yes,true,yes,no,duplicate_url
Discovered http://feedly.com,feedly.com,community,developing_incidents,tier_3,http://feedly.com,http://feedly.com,,,no,yes,true,yes,no,duplicate_url
Discovered https://feedly.com/,feedly.com,community,developing_incidents,tier_3,https://feedly.com/,https://feedly.com/,,,no,yes,true,yes,no,duplicate_url
Discovered https://www.reddit.com/r/Albany/search.rss?q=crime+OR+shooting+OR+police+OR+arrest&sort=new&restrict_sr=on,www.reddit.com,community,developing_incidents,tier_3,https://www.reddit.com/r/Albany/search.rss?q=crime+OR+shooting+OR+police+OR+arrest&sort=new&restrict_sr=on,https://www.reddit.com/r/Albany/search.rss?q=crime+OR+shooting+OR+police+OR+arrest&sort=new&restrict_sr=on,,,no,yes,true,yes,no,duplicate_url
Discovered https://www.townofbethlehem.org/142/Police#AnnualReports,www.townofbethlehem.org,community,developing_incidents,tier_3,https://www.townofbethlehem.org/142/Police#AnnualReports,,,,no,yes,true,yes,no,duplicate_url
Reddit Albany Crime Search RSS,Reddit Albany Crime Search RSS,community,developing_incidents,tier_3,https://www.reddit.com/r/Albany/search.rss?q=crime+OR+shooting+OR+police+OR+arrest&sort=new&restrict_sr=on,https://www.reddit.com/r/Albany/search.rss?q=crime+OR+shooting+OR+police+OR+arrest&sort=new&restrict_sr=on,,,no,yes,true,yes,no,duplicate_url
SpotCrime,SpotCrime,community,developing_incidents,tier_3,https://spotcrime.com/NY/Albany,,,,no,yes,true,yes,no,duplicate_url
SpotCrime Albany,SpotCrime Albany,community,developing_incidents,tier_3,https://spotcrime.com/NY/Albany,,,,no,yes,true,yes,no,duplicate_url
Discovered https://spotlightnews.com/spotlightnews/news/crime,spotlightnews.com,digital_only_news,verified_incidents,tier_2,https://spotlightnews.com/spotlightnews/news/crime,,,,no,no,false,yes,no,duplicate_url
Discovered https://spotlightnews.com/spotlightnews/news/crime/,spotlightnews.com,digital_only_news,verified_incidents,tier_2,https://spotlightnews.com/spotlightnews/news/crime/,,,,no,no,false,yes,no,duplicate_url
Discovered https://www.albanyny.gov/rss.aspx#newsFlash,www.albanyny.gov,municipal,official_updates,tier_1,https://www.albanyny.gov/rss.aspx#newsFlash,https://www.albanyny.gov/rss.aspx#newsFlash,,,no,yes,true,yes,no,duplicate_url
Town of Bethlehem Police Department,Town of Bethlehem Police Department,municipal,official_updates,tier_1,https://www.townofbethlehem.org/142/Police,,,https://www.facebook.com/PDBethlehem,no,yes,true,yes,no,duplicate_url
Town of Colonie Police Department,Town of Colonie Police Department,municipal,official_updates,tier_1,https://www.townofcolonie.gov/departments/police/,,,https://www.facebook.com/ColoniePD,no,yes,true,yes,yes,duplicate_social
Town of Guilderland Police Department,Town of Guilderland Police Department,municipal,official_updates,tier_1,https://www.guilderlandpd.org/,,,https://www.facebook.com/guilderlandpolice,no,yes,true,yes,no,duplicate_social
Daily Gazette Crime RSS Search,Daily Gazette Crime RSS Search,newspapers,verified_incidents,tier_2,https://www.dailygazette.com/search/?f=rss&t=article&c=news/crime,,,,no,yes,true,yes,no,duplicate_url
Discovered https://www.dailygazette.com/search/?f=rss&t=article&c=news/crime,www.dailygazette.com,newspapers,verified_incidents,tier_2,https://www.dailygazette.com/search/?f=rss&t=article&c=news/crime,,,,no,yes,true,yes,no,duplicate_url
Albany Police CivicAlerts Category,Albany Police CivicAlerts Category,official_alerts,official_updates,tier_1,https://www.albanyny.gov/CivicAlerts.aspx?CID=10,,,,yes,yes,true,yes,no,duplicate_url
City of Albany CivicAlerts,City of Albany CivicAlerts,official_alerts,official_updates,tier_1,https://www.albanyny.gov/CivicAlerts.aspx,,,,yes,yes,true,yes,no,duplicate_url
City of Albany RSS,City of Albany RSS,official_alerts,official_updates,tier_1,https://www.albanyny.gov/rss.aspx,https://www.albanyny.gov/rss.aspx,,,yes,yes,true,yes,no,duplicate_url
Bethlehem PD Facebook,Bethlehem PD Facebook,official_social,developing_incidents,tier_3,https://www.facebook.com/PDBethlehem,,,https://www.facebook.com/PDBethlehem,no,yes,true,yes,no,duplicate_social
Colonie PD Facebook,Colonie PD Facebook,official_social,developing_incidents,tier_3,https://www.facebook.com/ColoniePD,,,https://www.facebook.com/ColoniePD,no,yes,true,yes,no,duplicate_social
Guilderland PD Facebook,Guilderland PD Facebook,official_social,developing_incidents,tier_3,https://www.facebook.com/guilderlandpolice,,,https://www.facebook.com/guilderlandpolice,no,yes,true,yes,no,duplicate_social
NYSP Facebook,NYSP Facebook,official_social,developing_incidents,tier_3,https://www.facebook.com/nyspolice,,,https://www.facebook.com/nyspolice,no,yes,true,yes,no,duplicate_social
Broadcastify Feed 3626,Broadcastify Feed 3626,scanner,developing_incidents,tier_3,https://www.broadcastify.com/listen/feed/3626,https://www.broadcastify.com/listen/feed/3626,,,no,yes,true,yes,no,duplicate_url
Discovered http://www.broadcastify.com/listen/feed/3626,www.broadcastify.com,scanner,developing_incidents,tier_3,http://www.broadcastify.com/listen/feed/3626,http://www.broadcastify.com/listen/feed/3626,,,no,yes,true,yes,no,duplicate_url
New York State Police — Troop G,New York State Police — Troop G,state,official_updates,tier_1,https://troopers.ny.gov/location/troop-g,,,https://www.facebook.com/nyspolice,no,yes,true,yes,yes,duplicate_social
Discovered https://www.news10.com/feed/,www.news10.com,tv_news,verified_incidents,tier_2,https://www.news10.com/feed/,https://www.news10.com/feed/,,,no,yes,true,yes,no,duplicate_url
FOX23 / WXXA,FOX23 / WXXA,tv_news,verified_incidents,tier_2,https://www.news10.com/,,,https://twitter.com/FOX23News,no,yes,true,yes,yes,duplicate_url
NEWS10 ABC / WTEN,NEWS10 ABC / WTEN,tv_news,verified_incidents,tier_2,https://www.news10.com/,,,https://twitter.com/NEWS10ABC,no,yes,true,yes,yes,duplicate_url
NEWS10 Feed,NEWS10 Feed,tv_news,verified_incidents,tier_2,https://www.news10.com/feed/,https://www.news10.com/feed/,,,no,yes,true,yes,no,duplicate_url
WNYT Google News RSS,WNYT Google News RSS,tv_news,verified_incidents,tier_2,https://news.google.com/rss/search?q=site:wnyt.com+Albany+crime+OR+arrest+OR+shooting+OR+fire&hl=en-US&gl=US&ceid=US:en,https://news.google.com/rss/search?q=site:wnyt.com+Albany+crime+OR+arrest+OR+shooting+OR+fire&hl=en-US&gl=US&ceid=US:en,,,yes,yes,true,yes,no,gnews_fallback_duplicate
USAO NDNY RSS,USAO NDNY RSS,federal,official_updates,tier_1,https://www.justice.gov/usao-ndny/pr/rss,https://www.justice.gov/usao-ndny/pr/rss,,,yes,yes,true,no,no,implemented_live
NYSP Media Reports,NYSP Media Reports,official_press,official_updates,tier_1,https://publicapps.troopers.ny.gov/Media_Reports/,,,,yes,yes,true,no,no,implemented_live
CBS6 Local RSS,CBS6 Local RSS,tv_news,verified_incidents,tier_2,https://cbs6albany.com/news/local.rss,https://cbs6albany.com/news/local.rss,,,yes,yes,true,no,no,implemented_live
NEWS10 Crime Feed,NEWS10 Crime Feed,tv_news,verified_incidents,tier_2,https://www.news10.com/news/crime/feed/,https://www.news10.com/news/crime/feed/,,,yes,yes,true,no,no,implemented_live
Albany Medical College / Albany Medical Center — Security,Albany Medical College / Albany Medical Center — Security,campus,trends_context,tier_3,https://www.amc.edu/community/campus-safety/,,,,no,yes,true,no,yes,blocked_or_auth_gated
Albany County Crime Victim and Sexual Violence Center,Albany County Crime Victim and Sexual Violence Center,county,official_updates,tier_1,https://www.albanycountyny.gov/departments/crime-victim-and-sexual-violence-center,,,https://www.facebook.com/AlbanyCVSVC,no,yes,true,no,yes,blocked_or_auth_gated
Albany County District Attorney's Office,Albany County District Attorney's Office,county,official_updates,tier_1,https://www.albanycountyny.gov/government/district-attorney,,,https://www.facebook.com/AlbanyCountyDA,no,yes,true,no,yes,blocked_or_auth_gated
Albany County E911 / Communications Center,Albany County E911 / Communications Center,county,official_updates,tier_1,https://www.albanycountyny.gov/government/county-sheriff/law-enforcement,,,,no,yes,true,no,yes,blocked_or_auth_gated
Albany County Probation Department,Albany County Probation Department,county,official_updates,tier_1,https://www.albanycountyny.gov/departments/probation,,,,no,yes,true,no,yes,blocked_or_auth_gated
Albany County Sheriff's Office,Albany County Sheriff's Office,county,official_updates,tier_1,https://www.albanycountyny.gov/government/departments/county-sheriff,,,https://www.facebook.com/AlbanyCountySheriff,no,yes,true,no,yes,blocked_or_auth_gated
NYS Unified Court System — Court Officers,NYS Unified Court System — Court Officers,courts,trends_context,tier_3,https://www.nycourts.gov/,,,,no,yes,true,no,yes,blocked_or_auth_gated
U.S. Marshals Service — Northern District of New York,U.S. Marshals Service — Northern District of New York,courts,trends_context,tier_3,https://www.usmarshals.gov/local-districts/northern-district-of-new-york,,,https://twitter.com/USMarshalsHQ,no,yes,true,no,yes,blocked_or_auth_gated
ATF — Albany Field Office (New York Field Division),ATF — Albany Field Office (New York Field Division),federal,official_updates,tier_1,https://www.atf.gov/new-york-field-division,,,https://twitter.com/ATFNewYork,no,yes,true,no,yes,blocked_or_auth_gated
DEA — Albany District Office (New York Division),DEA — Albany District Office (New York Division),federal,official_updates,tier_1,https://www.dea.gov/divisions/new-york,,,https://www.facebook.com/DEAHQgov,no,yes,true,no,yes,blocked_or_auth_gated
FBI Albany News,FBI Albany News,federal,official_updates,tier_1,https://www.fbi.gov/contact-us/field-offices/albany/news,,,,no,yes,true,no,yes,blocked_or_auth_gated
FBI — Albany Field Office,FBI — Albany Field Office,federal,official_updates,tier_1,https://www.fbi.gov/contact-us/field-offices/albany,,,https://www.facebook.com/FBIAlbany,no,yes,true,no,yes,blocked_or_auth_gated
City of Watervliet Police Department,City of Watervliet Police Department,municipal,official_updates,tier_1,https://watervlietpolice.com/,,,https://www.facebook.com/WatervlietPolice/,no,yes,true,no,yes,blocked_or_auth_gated
Town of Coeymans Police Department,Town of Coeymans Police Department,municipal,official_updates,tier_1,https://www.coeymans.org/department/police/,,,https://www.facebook.com/CoeymansPolicePBA/,no,yes,true,no,yes,blocked_or_auth_gated
Village of Altamont Police Department,Village of Altamont Police Department,municipal,official_updates,tier_1,https://www.altamontvillageny.gov/police-department,,,https://www.facebook.com/1398462230432317,no,yes,true,no,yes,blocked_or_auth_gated
Village of Green Island Police Department,Village of Green Island Police Department,municipal,official_updates,tier_1,https://villageofgreenisland.com/village/police-department/,,,https://www.facebook.com/greenislandpolicedepartment,no,yes,true,no,yes,blocked_or_auth_gated
Albany County DA Press Office,Albany County DA Press Office,official_press,official_updates,tier_1,https://www.albanycountyny.gov/government/albany-county-district-attorney/press-office,,,,yes,yes,true,no,yes,blocked_or_auth_gated
Amtrak Police Department,Amtrak Police Department,official_press,official_updates,tier_1,https://www.amtrak.com/police/home,,,,no,yes,true,no,yes,blocked_or_auth_gated
NYSP Newsroom,NYSP Newsroom,official_press,official_updates,tier_1,https://troopers.ny.gov/nysp-newsroom,,,,yes,yes,true,no,yes,blocked_or_auth_gated
Albany Open Data Portal,Albany Open Data Portal,official_structured,developing_incidents,tier_3,https://data.albanyny.gov,,,,no,no,false,no,yes,unreachable
Albany Socrata Arrests by Neighborhood,Albany Socrata Arrests by Neighborhood,official_structured,official_updates,tier_1,https://data.albanyny.gov/resource/7y34-47cz.json,,https://data.albanyny.gov/resource/7y34-47cz.json,,yes,no,false,no,yes,unreachable
Albany Socrata Calls for Service by Neighborhood,Albany Socrata Calls for Service by Neighborhood,official_structured,official_updates,tier_1,https://data.albanyny.gov/resource/m4jx-di39.json,,https://data.albanyny.gov/resource/m4jx-di39.json,,yes,no,false,no,yes,unreachable
Albany Socrata Crimes by Neighborhood,Albany Socrata Crimes by Neighborhood,official_structured,official_updates,tier_1,https://data.albanyny.gov/resource/qq93-cnn2.json,,https://data.albanyny.gov/resource/qq93-cnn2.json,,yes,no,false,no,yes,unreachable
Albany Socrata Use of Force by Month,Albany Socrata Use of Force by Month,official_structured,official_updates,tier_1,https://data.albanyny.gov/resource/na5h-ypn4.json,,https://data.albanyny.gov/resource/na5h-ypn4.json,,no,no,false,no,yes,unreachable
OpenMHz Albany Calls API,OpenMHz Albany Calls API,scanner,developing_incidents,tier_3,https://api.openmhz.com/albanycony/calls/newer,,,,yes,yes,true,no,yes,blocked_or_auth_gated
OpenMHz Albany System,OpenMHz Albany System,scanner,developing_incidents,tier_3,https://openmhz.com/system/albanycony,,,,no,yes,true,no,yes,blocked_or_auth_gated
NYS Commission on Ethics and Lobbying in Government,NYS Commission on Ethics and Lobbying in Government,state,official_updates,tier_1,https://ethics.ny.gov/,,,,no,yes,true,no,yes,blocked_or_auth_gated
NYS DEC Environmental Conservation Officers & Forest Rangers — Region 4,NYS DEC Environmental Conservation Officers & Forest Rangers — Region 4,state,official_updates,tier_1,https://dec.ny.gov/,,,https://www.facebook.com/NYSDEC/,no,yes,true,no,yes,blocked_or_auth_gated
NYS Department of Corrections and Community Supervision,NYS Department of Corrections and Community Supervision,state,official_updates,tier_1,https://doccs.ny.gov/,,,https://www.facebook.com/NYSDOCCS,no,yes,true,no,yes,blocked_or_auth_gated
NYS Department of Financial Services — Investigations,NYS Department of Financial Services — Investigations,state,official_updates,tier_1,https://www.dfs.ny.gov/,,,https://twitter.com/NYDFS,no,yes,true,no,yes,blocked_or_auth_gated
NYS Division of Homeland Security and Emergency Services,NYS Division of Homeland Security and Emergency Services,state,official_updates,tier_1,https://www.dhses.ny.gov/,,,https://www.facebook.com/NYSDHSES/,no,yes,true,no,yes,blocked_or_auth_gated
NYS Inspector General,NYS Inspector General,state,official_updates,tier_1,https://ig.ny.gov/,,,https://twitter.com/NewYorkStateIG,no,yes,true,no,yes,blocked_or_auth_gated
NYS Liquor Authority — Enforcement Bureau,NYS Liquor Authority — Enforcement Bureau,state,official_updates,tier_1,https://sla.ny.gov/,,,,no,yes,true,no,yes,blocked_or_auth_gated
NYS Office of the Medicaid Inspector General,NYS Office of the Medicaid Inspector General,state,official_updates,tier_1,https://omig.ny.gov/,,,https://twitter.com/NYSOMIG,no,yes,true,no,yes,blocked_or_auth_gated
NYS Park Police — Saratoga/Capital Zone,NYS Park Police — Saratoga/Capital Zone,state,official_updates,tier_1,https://parks.ny.gov/park-police,,,https://www.facebook.com/NYStateParkPolice/,no,yes,true,no,yes,blocked_or_auth_gated
New York State Police — Troop T (Thruway),New York State Police — Troop T (Thruway),state,official_updates,tier_1,https://troopers.ny.gov/location/troop-t-new-york-state-thruway,,,https://twitter.com/NYSThruway,no,yes,true,no,yes,blocked_or_auth_gated
511NY GetEvents API,511NY GetEvents API,traffic,trends_context,tier_3,https://511ny.org/api/GetEvents,,https://511ny.org/api/GetEvents,,yes,no,false,no,no,not_live
